title,detail_title,job_url,company,company_name_full,company_url,company_url_from_job,salary_list,detail_salary,address_list,detail_location,exp_list,detail_experience,deadline,tags,job_level,education_level,job_quantity,employment_type,working_addresses,working_times,desc_mota,desc_yeucau,desc_quyenloi,company_website,company_scale,company_field,company_address,company_description
Data Scientist (Middle+),Data Scientist (Middle+),https://www.topcv.vn/viec-lam/data-scientist-middle/2041301.html?ta_source=JobSearchList_LinkDetail&u_sr_id=NZQyzuyONaR78nSyCWMj73K1VA2psMI9HrMTkJYd_1772870695,CÔNG TY TNHH NGÔI SAO DŨNG CẢM,CÔNG TY TNHH NGÔI SAO DŨNG CẢM,https://www.topcv.vn/cong-ty/cong-ty-tnhh-ngoi-sao-dung-cam/225702.html,https://www.topcv.vn/cong-ty/cong-ty-tnhh-ngoi-sao-dung-cam/225702.html,25 - 35 triệu,25 - 35 triệu,Hà Nội,Hà Nội,3 năm,3 năm,26/03/2026,Data Scientist,Nhân viên,Đại Học trở lên,1 người,Toàn thời gian,"- Hà Nội: 37 Lê Văn Lương, Phường Thanh Xuân (quận Thanh Xuân cũ)",Thứ 2 - Thứ 6 (từ 08:00 đến 17:30),"Build and deploy quickly scalable AI/ML systems
Drive strong model performance through impactful ideas and innovative initiatives.
Deep dive into data to explore meaningful insights and actionable patterns.
Promote good coding practices, rigor and good work ethics, ensuring data privacy.
Develop a rich understanding of the mobile gaming industry, our products, and how they support daily business operations.
Collaborate with departments across the company to leverage new ideas and perspectives to achieve shared goals.
Be a team player by supporting your teammates and sharing your knowledge or new discoveries with them.","3+ years of work experience in Data Science, Machine Learning or relevant fields.
Strong experience building and deploying ML systems
Strong experience with MLOps, Python and SQL best practices.
Airflow and DBT experience is a nice to have.
Cloud experience needed. (GCP is preferred)
Achievements on Kaggle is nice to have
You enjoy working in a team, researching new practices and sharing knowledge","Compensation & Benefits
Salary: Upto 35M.
Guaranteed 13th-month salary.
Profit-sharing bonus based on business performance and individual performance (total annual income up to 14–20 months’ salary).
Holiday & festive bonuses: Cash or in-kind rewards depending on each occasion.
Healthcare benefits: PVI health insurance upon official employment and annual health check-ups.
Work equipment: Fully provided tools and equipment to support work.
Engagement activities: Company trips twice a year with travel support for family members; quarterly team bonding activities, annual team building, and various internal events.
Learning & Career Development
Annual salary review based on performance and individual capability.
Clear career development path with transparent promotion opportunities.
Diverse learning platforms: Access to LinkedIn Learning, Coursera, and more.
Annual training budget: VND 5–15 million per person per year to support professional and skill development.
Working Environment
Modern office space of over 1,000m2, including common areas, meeting rooms, workspaces, and a well-equipped pantry.
A young, dynamic, and collaborative working environment that values teamwork and proactiveness.",,100-499 nhân viên,IT - Phần mềm,"37 Lê Văn Lương, Thanh Xuân, Hà Nội, Việt Nam",Bravestars Games Xem thêm Thu gọn
Data Scientist - Hà Nội - TA105,Data Scientist - Hà Nội - TA105,https://www.topcv.vn/brand/vpbank/tuyen-dung/data-scientist-ha-noi-ta105-j2046817.html?ta_source=JobSearchList_LinkDetail&u_sr_id=NZQyzuyONaR78nSyCWMj73K1VA2psMI9HrMTkJYd_1772870695,Ngân Hàng TMCP Việt Nam Thịnh Vượng (VPBank),Ngân Hàng TMCP Việt Nam Thịnh Vượng (VPBank) - Chuyên trang tuyển dụng,https://www.topcv.vn/brand/vpbank?id=493,https://www.topcv.vn/brand/vpbank?id=493,Thoả thuận,Thoả thuận,Hà Nội,,3 năm,3 năm,Còn 21 ngày để ứng tuyển,Chuyên môn Data Scientist; IT - Phần mềm,Nhân viên,Đại Học trở lên,1 người,Toàn thời gian,"Tòa nhà VPBank, 89 Láng Hạ, Phường Đống Đa (quận Đống Đa cũ)",Thứ 2 - Thứ 6 (từ 08:00 đến 17:00) từ thứ 2 – thứ 6 & 2 sáng thứ 7/tháng; Thứ 2 - Thứ 6 (từ 08:00 đến 17:00); từ thứ 2 – thứ 6 & 2 sáng thứ 7/tháng,"-
Chủ động đề xuất, thiết kế, chịu trách nhiệm chính triển khai các giải pháp khoa học dữ liệu cùng chuyên gia và phối hợp chặt chẽ với các đơn vị kinh doanh/vận hành để giải quyết các bài toán thực tế có tính ứng dụng cao
- Phân tích chuyên sâu và khám phá dữ liệu lớn, sử dụng các kỹ thuật xác suất thống kê, học máy, học sâu và GenAI để phát hiện các xu hướng, hành vi ẩn và các yếu tố thúc đẩy hành động của khách hàng; từ đó xây dựng insight giá trị và hỗ trợ đề xuất chiến lược kinh doanh, thiết kế sản phẩm hoặc chiến dịch phù hợp.
- Thực hiện hoặc dẫn dắt phát triển các mô hình học máy, học sâu và ứng dụng GenAI nhằm phục vụ các mục tiêu như: dự báo khách hàng rời đi (churn prediction), bán chéo/sản phẩm (cross/up-sell), phân khúc khách hàng (segmentation), dự đoán giá trị vòng đời khách hàng (CLTV), dự đoán hành vi tiếp theo và cá nhân hóa trải nghiệm khách hàng đa kênh
- Tham gia xây dựng và phát triển sản phẩm AI/ML/GenAI theo hướng sản phẩm tái sử dụng, hỗ trợ tự động hóa và tối ưu hóa các quy trình nghiệp vụ của ngân hàng, bao gồm nhưng không giới hạn ở: xử lý hồ sơ tín dụng, phân loại và phân tích văn bản/giọng nói, thẩm định tự động, gợi ý hành động cho RM, hỗ trợ chăm sóc khách hàng, và cải tiến vận hành nội bộ.
-
Chủ động đề xuất, thiết kế, chịu trách nhiệm chính triển khai các giải pháp khoa học dữ liệu cùng chuyên gia và phối hợp chặt chẽ với các đơn vị kinh doanh/vận hành để giải quyết các bài toán thực tế có tính ứng dụng cao
- Phân tích chuyên sâu và khám phá dữ liệu lớn, sử dụng các kỹ thuật xác suất thống kê, học máy, học sâu và GenAI để phát hiện các xu hướng, hành vi ẩn và các yếu tố thúc đẩy hành động của khách hàng; từ đó xây dựng insight giá trị và hỗ trợ đề xuất chiến lược kinh doanh, thiết kế sản phẩm hoặc chiến dịch phù hợp.
- Thực hiện hoặc dẫn dắt phát triển các mô hình học máy, học sâu và ứng dụng GenAI nhằm phục vụ các mục tiêu như: dự báo khách hàng rời đi (churn prediction), bán chéo/sản phẩm (cross/up-sell), phân khúc khách hàng (segmentation), dự đoán giá trị vòng đời khách hàng (CLTV), dự đoán hành vi tiếp theo và cá nhân hóa trải nghiệm khách hàng đa kênh
- Tham gia xây dựng và phát triển sản phẩm AI/ML/GenAI theo hướng sản phẩm tái sử dụng, hỗ trợ tự động hóa và tối ưu hóa các quy trình nghiệp vụ của ngân hàng, bao gồm nhưng không giới hạn ở: xử lý hồ sơ tín dụng, phân loại và phân tích văn bản/giọng nói, thẩm định tự động, gợi ý hành động cho RM, hỗ trợ chăm sóc khách hàng, và cải tiến vận hành nội bộ.","Tốt nghiệp Đại học trở lên trong các lĩnh vực liên quan như: Khoa học Máy tính (Computer Science), Toán học/Toán ứng dụng (Mathematics/Applied Mathematics), Thống kê (Statistics), Kỹ thuật (Engineering), Khoa học Dữ liệu (Data Science), Kinh tế lượng, Tài chính định lượng (Econometrics, Quantitative Finance), hoặc các ngành liên quan đến phân tích dữ liệu và xử lý thông tin.
Tối thiểu 3–5 năm kinh nghiệm trong lĩnh vực phân tích nâng cao, phát triển mô hình học máy/học sâu và/hoặc ứng dụng AI/GenAI vào bài toán thực tiễn.
Có kinh nghiệm chủ động triển khai các mô hình hoặc giải pháp phân tích phục vụ một hoặc nhiều mục tiêu như tăng trưởng kinh doanh, cá nhân hóa, tối ưu hóa vận hành, nâng cao trải nghiệm khách hàng, phòng chống gian lận, v.v.
Đã từng tham gia hoặc đóng vai trò chính trong việc triển khai mô hình hoặc ứng dụng AI/ML/GenAI trên nền tảng cloud như AWS, Azure, Google Cloud, Databricks, v.v.
Có kinh nghiệm xử lý, trực quan hóa và diễn giải dữ liệu một cách sâu sắc, kết nối với nhu cầu kinh doanh và gợi ý hành động cụ thể.
Nắm vững kiến thức về
mô hình thống kê, thuật toán học máy, học sâu và GenAI
, đồng thời có khả năng
đánh giá, tùy biến và tối ưu hóa
các kỹ thuật cho các bài toán phức tạp trong thực tế.
Có hiểu biết sâu và vận dụng thành thạo
các kỹ thuật phân tích dữ liệu nâng cao
, bao gồm kiểm định giả thuyết, phân tích nhân quả, xử lý mất cân bằng dữ liệu, phân tích chuỗi thời gian, mô hình suy diễn, vector embeddings...
Thành thạo
Python và các thư viện chuyên sâu
phục vụ học máy, học sâu và GenAI như: Scikit-learn, XGBoost, LGBM, PyTorch, TensorFlow, Hugging Face Transformers,,..cùng các công cụ hỗ trợ triển khai như MLflow, Docker, Git.
Hiểu rõ và có khả năng
tham gia triển khai các quy trình phát triển và vận hành mô hình
(MLOps/LangOps), bao gồm xử lý dữ liệu, huấn luyện, đánh giá, kiểm thử, triển khai và giám sát mô hình
Có khả năng
phối hợp hiệu quả với các đơn vị kinh doanh/vận hành
để hiểu bài toán, chuyển đổi thành giải pháp phân tích dữ liệu cụ thể, có giá trị ứng dụng cao và đo lường được hiệu quả.
Tốt nghiệp Đại học trở lên trong các lĩnh vực liên quan như: Khoa học Máy tính (Computer Science), Toán học/Toán ứng dụng (Mathematics/Applied Mathematics), Thống kê (Statistics), Kỹ thuật (Engineering), Khoa học Dữ liệu (Data Science), Kinh tế lượng, Tài chính định lượng (Econometrics, Quantitative Finance), hoặc các ngành liên quan đến phân tích dữ liệu và xử lý thông tin.
Tối thiểu 3–5 năm kinh nghiệm trong lĩnh vực phân tích nâng cao, phát triển mô hình học máy/học sâu và/hoặc ứng dụng AI/GenAI vào bài toán thực tiễn.
Có kinh nghiệm chủ động triển khai các mô hình hoặc giải pháp phân tích phục vụ một hoặc nhiều mục tiêu như tăng trưởng kinh doanh, cá nhân hóa, tối ưu hóa vận hành, nâng cao trải nghiệm khách hàng, phòng chống gian lận, v.v.
Đã từng tham gia hoặc đóng vai trò chính trong việc triển khai mô hình hoặc ứng dụng AI/ML/GenAI trên nền tảng cloud như AWS, Azure, Google Cloud, Databricks, v.v.
Có kinh nghiệm xử lý, trực quan hóa và diễn giải dữ liệu một cách sâu sắc, kết nối với nhu cầu kinh doanh và gợi ý hành động cụ thể.
Nắm vững kiến thức về
mô hình thống kê, thuật toán học máy, học sâu và GenAI
, đồng thời có khả năng
đánh giá, tùy biến và tối ưu hóa
các kỹ thuật cho các bài toán phức tạp trong thực tế.
Có hiểu biết sâu và vận dụng thành thạo
các kỹ thuật phân tích dữ liệu nâng cao
, bao gồm kiểm định giả thuyết, phân tích nhân quả, xử lý mất cân bằng dữ liệu, phân tích chuỗi thời gian, mô hình suy diễn, vector embeddings...
Thành thạo
Python và các thư viện chuyên sâu
phục vụ học máy, học sâu và GenAI như: Scikit-learn, XGBoost, LGBM, PyTorch, TensorFlow, Hugging Face Transformers,,..cùng các công cụ hỗ trợ triển khai như MLflow, Docker, Git.
Hiểu rõ và có khả năng
tham gia triển khai các quy trình phát triển và vận hành mô hình
(MLOps/LangOps), bao gồm xử lý dữ liệu, huấn luyện, đánh giá, kiểm thử, triển khai và giám sát mô hình
Có khả năng
phối hợp hiệu quả với các đơn vị kinh doanh/vận hành
để hiểu bài toán, chuyển đổi thành giải pháp phân tích dữ liệu cụ thể, có giá trị ứng dụng cao và đo lường được hiệu quả.","Thu nhập hấp dẫn, lương thưởng cạnh tranh theo năng lực
Thưởng các Ngày lễ, Tết (theo chính sách ngân hàng từng thời kỳ)
Được vay ưu đãi theo chính sách ngân hàng từng thời kỳ
Chế độ ngày phép hấp dẫn theo cấp bậc công việc, được hưởng chế độ du lịch hè
Bảo hiểm bắt buộc theo luật lao động + Bảo hiểm VPBank care cho CBNV tùy theo cấp bậc và thời gian công tác
Được tham gia các khóa đào tạo tùy thuộc vào Khung đào tạo cho từng vị trí
Thời gian làm việc: từ thứ 2 – thứ 6 & sáng thứ 7
Môi trường làm việc năng động, thân thiện, có nhiều cơ hội học đào tạo, học hỏi và phát triển; được tham gia nhiều hoạt động văn hóa thú vị (cuộc thi về thể thao, tài năng, hoạt động teambuiding...)
Thu nhập hấp dẫn, lương thưởng cạnh tranh theo năng lực
Thưởng các Ngày lễ, Tết (theo chính sách ngân hàng từng thời kỳ)
Được vay ưu đãi theo chính sách ngân hàng từng thời kỳ
Chế độ ngày phép hấp dẫn theo cấp bậc công việc, được hưởng chế độ du lịch hè
Bảo hiểm bắt buộc theo luật lao động + Bảo hiểm VPBank care cho CBNV tùy theo cấp bậc và thời gian công tác
Được tham gia các khóa đào tạo tùy thuộc vào Khung đào tạo cho từng vị trí
Thời gian làm việc: từ thứ 2 – thứ 6 & sáng thứ 7
Môi trường làm việc năng động, thân thiện, có nhiều cơ hội học đào tạo, học hỏi và phát triển; được tham gia nhiều hoạt động văn hóa thú vị (cuộc thi về thể thao, tài năng, hoạt động teambuiding...)",,,,,
Senior Data Science & Analysis,Senior Data Science & Analysis,https://www.topcv.vn/viec-lam/senior-data-science-analysis/2061195.html?ta_source=JobSearchList_LinkDetail&u_sr_id=NZQyzuyONaR78nSyCWMj73K1VA2psMI9HrMTkJYd_1772870695,Công ty Cổ phần Bệnh viện đa khoa Quốc tế Vinmec,Công ty Cổ phần Bệnh viện đa khoa Quốc tế Vinmec,https://www.topcv.vn/cong-ty/cong-ty-co-phan-benh-vien-da-khoa-quoc-te-vinmec/240010.html,https://www.topcv.vn/cong-ty/cong-ty-co-phan-benh-vien-da-khoa-quoc-te-vinmec/240010.html,Thoả thuận,Thoả thuận,Hà Nội,Hà Nội,5 năm,5 năm,05/04/2026,Data Scientist; Y tế / Dược phẩm,Nhân viên,Cao Đẳng trở lên,1 người,Toàn thời gian,"- Hà Nội: 458 Minh Khai, Phường Vĩnh Tuy (quận Hai Bà Trưng, quận Hoàng Mai cũ)",,"1. Chuẩn hóa & Kiến trúc Dữ liệu Kinh doanh (Data Foundation)
Hợp nhất đa nguồn: Trực tiếp tham gia thu thập và xử lý dữ liệu từ Salesforce (CRM), GCP/BigQuery, hệ thống quản lý bệnh viện (HIS) và các nền tảng Social Ads.
Digital Footprint: Thiết lập hệ thống theo dõi ""dấu chân số"" (GA4 Advance) xuyên suốt hành trình khách hàng từ Online đến Offline.
Mô hình hóa: Thiết kế Data Model (Star Schema/Fact-Dimension) và xây dựng Semantic Layer, giúp các phòng ban dễ dàng ""kéo - thả"" để tự khai thác báo cáo mà không cần can thiệp kỹ thuật sâu.
Quản trị đối tác: Là đầu mối kỹ thuật làm việc với các team Data Platform tập đoàn và các đối tác công nghệ (Phòng ban dữ liệu nội bộ, Salesforce, Martech).
2. Phát triển Hệ thống BI & Dashboard Chuyên sâu
Hệ thống hóa chỉ số: Định nghĩa và chuẩn hóa bộ KPIs cho toàn khối kinh doanh (Sales, Marketing, Finance).
Trực quan hóa (Power BI / Metabase): Xây dựng các Dashboard theo dõi Real-time
Tối ưu vận hành: Đảm bảo hiệu suất truy xuất báo cáo nhanh, phân quyền bảo mật dữ liệu nghiêm ngặt theo từng bộ phận/phòng ban.
3. Phân tích & Khám phá Insight (Advanced Analytics)
Phân tích hành vi: Thực hiện các phân tích Cohort, Funnel, Segmentation để tìm ra điểm nghẽn trong chuyển đổi và cơ hội tăng trưởng.
Giá trị khách hàng: Đo lường ROI theo từng chuyên khoa/chiến dịch và tính toán Customer Lifetime Value (CLV) để tối ưu hóa chi phí Marketing.
Đánh giá tác động: Phân tích xu hướng thị trường, tỷ lệ giữ chân (Retention) và đánh giá hiệu quả của các thay đổi về chính sách giá hoặc khuyến mãi.
4. Ứng dụng Machine Learning (Predictive Analytics)
Dự báo (Forecasting): Triển khai các mô hình ML cơ bản (Time series, Regression) để dự báo doanh thu và nhu cầu dịch vụ y tế theo mùa vụ.
Tối ưu hóa Sales: Xây dựng hệ thống đánh giá khách hàng tiềm năng và dự báo khách hàng rời bỏ (Churn Prediction) bằng Python hoặc AutoML nhằm hỗ trợ đội ngũ kinh doanh hành động kịp thời.","Ít nhất 5 năm trong lĩnh vực Data Analysis/Data Science, ưu tiên ứng viên có kinh nghiệm trong ngành Y tế, Bán lẻ hoặc các hệ thống có quy trình khách hàng phức tạp.
Kỹ năng kỹ thuật:
· Nền tảng dữ liệu: Thành thạo SQL, Google BigQuery, Google Cloud Platform.
· BI Tool: Chuyên gia về Power BI và Analysis Services.
· Lập trình: Có khả năng sử dụng Python (Scikit-learn, Pandas) để xử lý dữ liệu và xây dựng mô hình ML.
· Martech: Hiểu sâu về GA4, GTM và cấu trúc dữ liệu Salesforce.","Thu nhập theo năng lực; Hỗ trợ ăn trưa tại Công ty
Thưởng tháng lương 13; Được công ty cấp thêm gói Bảo hiểm sức khỏe PVI
Chính sách phúc lợi ưu việt: ưu đãi giảm giá khám sức khỏe tiêu chuẩn quốc tế cho bản thân và gia đình; ưu đãi giảm giá sử dụng các dịch vụ thuộc Tập đoàn Vingroup: du lịch - nghỉ dưỡng, học tập, mua sắm, xe điện...
Làm việc trong môi trường Bệnh viện đẳng cấp quốc tế, an toàn, chuyên nghiệp, thỏa sức khẳng định bản thân, sáng tạo và cống hiến",https://vinmec.com/,3000+ nhân viên,Dược phẩm / Y tế / Công nghệ sinh học,458 Minh Khai - Vĩnh Tuy - Hai Bà Trưng - Hà Nội,"Vinmec là Hệ thống Y tế phi lợi nhuận do Vingroup - Tập đoàn kinh tế tư nhân hàng đầu Việt Nam đầu tư phát triển với sứ mệnh “Chăm sóc bằng tài năng, y đức và sự thấu cảm"". Với cơ sở vật chất vượt trội; đội ngũ chuyên gia, bác sỹ đầu ngành; liên tục ứng dụng các phương pháp điều trị mới nhất thế giới cùng chất lượng dịch vụ hoàn hảo, đến nay Vinmec đã trở thành địa chỉ chăm sóc sức khỏe tiêu chuẩn quốc tế tại Việt Nam. Xem thêm Thu gọn"
"Expert, Fraud Risk Data Analytics And Portfolio Management","Expert, Fraud Risk Data Analytics And Portfolio Management",https://www.topcv.vn/brand/techcombank/tuyen-dung/expert-fraud-risk-data-analytics-and-portfolio-management-j2057306.html?ta_source=JobSearchList_LinkDetail&u_sr_id=NZQyzuyONaR78nSyCWMj73K1VA2psMI9HrMTkJYd_1772870695,NGÂN HÀNG THƯƠNG MẠI CỔ PHẦN KỸ THƯƠNG VIỆT NAM,NGÂN HÀNG THƯƠNG MẠI CỔ PHẦN KỸ THƯƠNG VIỆT NAM - Chuyên trang tuyển dụng,https://www.topcv.vn/brand/techcombank?id=16716,https://www.topcv.vn/brand/techcombank?id=16716,Thoả thuận,Thoả thuận,Hà Nội,,5 năm,5 năm,Còn 27 ngày để ứng tuyển,Chuyên môn Data Scientist; An ninh mạng; Ngân hàng; IT - Phần mềm,Nhân viên,Đại Học trở lên,1 người,Toàn thời gian,"Hội sở Techcombank – 06 Quang Trung, Phường Cửa Nam (quận Hoàn Kiếm cũ)",,"1. General: Responsible for leveraging internal and external data to provide insights and information related to big data, machine learning, optimization methods, and statistical rule/model building which supports a facts-based decision making process to Fraud management strategies & policies.
2. Specialization: Responsible for portfolio/risk types that being assigned to manage.
Key Accountabilities
Performing data/statistical analysis to identify areas of potential fraud risk and make recommendations on fraud trends as well as appropriate risk mitigation measures.
Exploratory data analytics to setup/enhance/optimize rules to detect risk events and early warning of controls effectiveness/ KCI and risk levels/ KRIs related to fraud risk
Algorithms and qualitative model: Measure risks and automate risk response decisions through both statistic and expert adjustment, qualitative scorecard to assess risk.
Develop data analytics report and dashboard through data visualization related to fraud risk.
Perform other duties at the request of the Senior Manager of Fraud Data Analytics and Portfolio Management
1. General: Responsible for leveraging internal and external data to provide insights and information related to big data, machine learning, optimization methods, and statistical rule/model building which supports a facts-based decision making process to Fraud management strategies & policies.
2. Specialization: Responsible for portfolio/risk types that being assigned to manage.
Key Accountabilities
Performing data/statistical analysis to identify areas of potential fraud risk and make recommendations on fraud trends as well as appropriate risk mitigation measures.
Exploratory data analytics to setup/enhance/optimize rules to detect risk events and early warning of controls effectiveness/ KCI and risk levels/ KRIs related to fraud risk
Algorithms and qualitative model: Measure risks and automate risk response decisions through both statistic and expert adjustment, qualitative scorecard to assess risk.
Develop data analytics report and dashboard through data visualization related to fraud risk.
Perform other duties at the request of the Senior Manager of Fraud Data Analytics and Portfolio Management","Bachelor’s or higher in Data Science, Statistics, Computer Science, or relevant majors.
5+ years in Data Analytics/Risk Management, preferred specializing in
Fraud Risk
within Banking or Fintech.
Advanced proficiency in
SQL
and
Python
(required).
Experience in
Machine Learning
(XGBoost, Random Forest) for Anomaly Detection and Scorecard development.
Knowledge of
Digital Banking fraud
(Social Engineering, ATO) and payment ecosystems.
Strong ability to translate complex data into actionable risk mitigation strategies.
Bachelor’s or higher in Data Science, Statistics, Computer Science, or relevant majors.
5+ years in Data Analytics/Risk Management, preferred specializing in
Fraud Risk
within Banking or Fintech.
Advanced proficiency in
SQL
and
Python
(required).
Experience in
Machine Learning
(XGBoost, Random Forest) for Anomaly Detection and Scorecard development.
Knowledge of
Digital Banking fraud
(Social Engineering, ATO) and payment ecosystems.
Strong ability to translate complex data into actionable risk mitigation strategies.","Receive an extremely attractive basic salary, 13th month salary + Performance Bonus
Annual salary and work performance review.
Participate in advanced training courses of Techcombank.
Share a clear career path with close support from management;
Receive comprehensive care with Personal; Periodic health check-ups, Bank birthdays, Teambuilding, Year-end Party, ..
Necessary tools/equipment for the job are provided
Participate in professional training course
Receive an extremely attractive basic salary, 13th month salary + Performance Bonus
Annual salary and work performance review.
Participate in advanced training courses of Techcombank.
Share a clear career path with close support from management;
Receive comprehensive care with Personal; Periodic health check-ups, Bank birthdays, Teambuilding, Year-end Party, ..
Necessary tools/equipment for the job are provided
Participate in professional training course",,,,,
Credit Risk Analytics And Modelling Expert,Credit Risk Analytics And Modelling Expert,https://www.topcv.vn/brand/techcombank/tuyen-dung/credit-risk-analytics-and-modelling-expert-j1999111.html?ta_source=JobSearchList_LinkDetail&u_sr_id=NZQyzuyONaR78nSyCWMj73K1VA2psMI9HrMTkJYd_1772870695,NGÂN HÀNG THƯƠNG MẠI CỔ PHẦN KỸ THƯƠNG VIỆT NAM,NGÂN HÀNG THƯƠNG MẠI CỔ PHẦN KỸ THƯƠNG VIỆT NAM - Chuyên trang tuyển dụng,https://www.topcv.vn/brand/techcombank?id=16716,https://www.topcv.vn/brand/techcombank?id=16716,Thoả thuận,Thoả thuận,Hà Nội,,Trên 5 năm,Trên 5 năm,Còn 25 ngày để ứng tuyển,Chuyên môn Data Scientist; Ngân hàng; Tài chính; IT - Phần mềm,Nhân viên,Đại Học trở lên,1 người,Toàn thời gian,"Hội Sở Quang Trung, Phường Cửa Nam (quận Hoàn Kiếm cũ)",,"Vị trí này phụ trách tư vấn và cung cấp cho ngân hàng các hiểu biết chuyên sâu (insights) về rủi ro tín dụng từ dữ liệu lớn có cấu trúc và phi cấu trúc, nhằm hỗ trợ tối ưu hóa danh mục tín dụng và lập kế hoạch chiến lược.
Xây dựng các mô hình và giải pháp rủi ro tín dụng bằng cách sử dụng phân tích thống kê, học máy (machine learning) nâng cao, khai thác dữ liệu và các kỹ thuật trực quan hóa dữ liệu, nhằm tạo ra các giải pháp hỗ trợ ra quyết định tín dụng trong suốt vòng đời tín dụng của khách hàng.
Trách nhiệm chính:
1. Mô hình Rủi ro Tín dụng và các công cụ đo lường
Phát triển và liên tục cải thiện các mô hình rủi ro tín dụng để hỗ trợ ra quyết định tín dụng trong suốt vòng đời tín dụng của khách hàng: từ thẩm định và phê duyệt (underwriting), cảnh báo sớm, đến thu hồi nợ và xử lý nợ.
Phát triển các công cụ và phương pháp đo lường rủi ro tín dụng tuân thủ các quy định của cơ quan quản lý và các thông lệ ngành (Ngân hàng Nhà nước - SBV, Basel, IFRS9).
Thúc đẩy việc triển khai và sử dụng mô hình thông qua các đề xuất/mô phỏng chiến lược cut-off.
Theo dõi và hiệu chỉnh mô hình định kỳ dựa trên các dữ liệu mới thu thập được hoặc các phát hiện quan trọng từ việc giám sát/kiểm định mô hình để đảm bảo mô hình phù hợp với mục đích sử dụng.
Xây dựng các chính sách, quy trình và hướng dẫn liên quan đến việc phát triển mô hình rủi ro tín dụng. Báo cáo, trình bày và giải thích mô hình với cấp quản lý cao hơn để phê duyệt mô hình.
2. Phân tích và Thông tin chuyên sâu về Rủi ro Tín dụng
Cung cấp các báo cáo quản trị rủi ro tín dụng và thông tin chuyên sâu cho Hội đồng quản trị (BOD), Ban điều hành (BOM), các đơn vị liên quan trong và ngoài bộ phận/ngân hàng.
Thực hiện đánh giá danh mục/phân tích chuyên sâu cho các diễn đàn và hội đồng: BOM/BOD; ARCO/ALCO và các yêu cầu khác.
Thực hiện dự báo chất lượng tín dụng danh mục, phân tích/mô phỏng kịch bản phục vụ quyết định quản trị, lập kế hoạch chiến lược, ICAAP, v.v.
3. Cơ sở hạ tầng Phân tích Rủi ro Tín dụng, Nghiên cứu và Phát triển
Nghiên cứu, so sánh, áp dụng các nguồn dữ liệu bên ngoài/dữ liệu thay thế và các kỹ thuật tiên tiến vào việc phát triển mô hình rủi ro với phương pháp benchmarking hoặc challenger model để không ngừng cải thiện và nâng cao kỹ năng.
Vận hành và duy trì các feature stores tín dụng và nền tảng triển khai mô hình (mô hình chạy theo lô và công cụ ra quyết định real time).
Vận hành và duy trì hệ thống thông tin và DataMart liên quan đến rủi ro tín dụng (phân loại nợ, trích lập dự phòng và các chỉ số rủi ro tín dụng) phù hợp với các tiêu chuẩn quốc tế và quy định hiện hành (Basel II, IFRS9).
Vị trí này phụ trách tư vấn và cung cấp cho ngân hàng các hiểu biết chuyên sâu (insights) về rủi ro tín dụng từ dữ liệu lớn có cấu trúc và phi cấu trúc, nhằm hỗ trợ tối ưu hóa danh mục tín dụng và lập kế hoạch chiến lược.
Xây dựng các mô hình và giải pháp rủi ro tín dụng bằng cách sử dụng phân tích thống kê, học máy (machine learning) nâng cao, khai thác dữ liệu và các kỹ thuật trực quan hóa dữ liệu, nhằm tạo ra các giải pháp hỗ trợ ra quyết định tín dụng trong suốt vòng đời tín dụng của khách hàng.
Trách nhiệm chính:
1. Mô hình Rủi ro Tín dụng và các công cụ đo lường
Phát triển và liên tục cải thiện các mô hình rủi ro tín dụng để hỗ trợ ra quyết định tín dụng trong suốt vòng đời tín dụng của khách hàng: từ thẩm định và phê duyệt (underwriting), cảnh báo sớm, đến thu hồi nợ và xử lý nợ.
Phát triển các công cụ và phương pháp đo lường rủi ro tín dụng tuân thủ các quy định của cơ quan quản lý và các thông lệ ngành (Ngân hàng Nhà nước - SBV, Basel, IFRS9).
Thúc đẩy việc triển khai và sử dụng mô hình thông qua các đề xuất/mô phỏng chiến lược cut-off.
Theo dõi và hiệu chỉnh mô hình định kỳ dựa trên các dữ liệu mới thu thập được hoặc các phát hiện quan trọng từ việc giám sát/kiểm định mô hình để đảm bảo mô hình phù hợp với mục đích sử dụng.
Xây dựng các chính sách, quy trình và hướng dẫn liên quan đến việc phát triển mô hình rủi ro tín dụng. Báo cáo, trình bày và giải thích mô hình với cấp quản lý cao hơn để phê duyệt mô hình.
2. Phân tích và Thông tin chuyên sâu về Rủi ro Tín dụng
Cung cấp các báo cáo quản trị rủi ro tín dụng và thông tin chuyên sâu cho Hội đồng quản trị (BOD), Ban điều hành (BOM), các đơn vị liên quan trong và ngoài bộ phận/ngân hàng.
Thực hiện đánh giá danh mục/phân tích chuyên sâu cho các diễn đàn và hội đồng: BOM/BOD; ARCO/ALCO và các yêu cầu khác.
Thực hiện dự báo chất lượng tín dụng danh mục, phân tích/mô phỏng kịch bản phục vụ quyết định quản trị, lập kế hoạch chiến lược, ICAAP, v.v.
3. Cơ sở hạ tầng Phân tích Rủi ro Tín dụng, Nghiên cứu và Phát triển
Nghiên cứu, so sánh, áp dụng các nguồn dữ liệu bên ngoài/dữ liệu thay thế và các kỹ thuật tiên tiến vào việc phát triển mô hình rủi ro với phương pháp benchmarking hoặc challenger model để không ngừng cải thiện và nâng cao kỹ năng.
Vận hành và duy trì các feature stores tín dụng và nền tảng triển khai mô hình (mô hình chạy theo lô và công cụ ra quyết định real time).
Vận hành và duy trì hệ thống thông tin và DataMart liên quan đến rủi ro tín dụng (phân loại nợ, trích lập dự phòng và các chỉ số rủi ro tín dụng) phù hợp với các tiêu chuẩn quốc tế và quy định hiện hành (Basel II, IFRS9).","Tối thiểu 8 năm kinh nghiệm trong lĩnh vực Ngân hàng, Mô hình hóa Rủi ro hoặc các lĩnh vực tương đương.
Hiểu biết về các quy định và thông lệ quốc tế về Basel 2, IFRS9 và Kiểm tra Stress-Test.
Kinh nghiệm sâu rộng trong việc xây dựng các giải pháp dữ liệu và phân tích, khai thác dữ liệu (data mining), phân tích thống kê và trực quan hóa dữ liệu (data visualization).
Kinh nghiệm cung cấp thông tin chuyên sâu dựa trên dữ kiện để giúp quản lý cấp cao và các bên liên quan khác nhận ra giá trị doanh nghiệp trên quy mô lớn.
Tư duy và khả năng đưa ra quyết định chiến lược, có khả năng làm việc với quản lý rất cấp cao, chuyển đổi ngôn ngữ công nghệ sang kinh doanh và ngược lại.
Bằng Cử nhân hoặc cao hơn (tài chính / ngân hàng / quản lý rủi ro tài chính / toán tài chính / tài chính định lượng).
Ưu tiên đào tạo ở cấp độ đại học hoặc sau đại học trong các lĩnh vực này tại các quốc gia phát triển
Có các chứng chỉ được quốc tế công nhận về phân tích tài chính, quản lý rủi ro tài chính là một lợi thế (ví dụ: FRM, CFA, PRM, CPA, ...).
Yêu cầu về trình độ tiếng Anh tuân theo chính sách của Techcombank.
Tối thiểu 8 năm kinh nghiệm trong lĩnh vực Ngân hàng, Mô hình hóa Rủi ro hoặc các lĩnh vực tương đương.
Hiểu biết về các quy định và thông lệ quốc tế về Basel 2, IFRS9 và Kiểm tra Stress-Test.
Kinh nghiệm sâu rộng trong việc xây dựng các giải pháp dữ liệu và phân tích, khai thác dữ liệu (data mining), phân tích thống kê và trực quan hóa dữ liệu (data visualization).
Kinh nghiệm cung cấp thông tin chuyên sâu dựa trên dữ kiện để giúp quản lý cấp cao và các bên liên quan khác nhận ra giá trị doanh nghiệp trên quy mô lớn.
Tư duy và khả năng đưa ra quyết định chiến lược, có khả năng làm việc với quản lý rất cấp cao, chuyển đổi ngôn ngữ công nghệ sang kinh doanh và ngược lại.
Bằng Cử nhân hoặc cao hơn (tài chính / ngân hàng / quản lý rủi ro tài chính / toán tài chính / tài chính định lượng).
Ưu tiên đào tạo ở cấp độ đại học hoặc sau đại học trong các lĩnh vực này tại các quốc gia phát triển
Có các chứng chỉ được quốc tế công nhận về phân tích tài chính, quản lý rủi ro tài chính là một lợi thế (ví dụ: FRM, CFA, PRM, CPA, ...).
Yêu cầu về trình độ tiếng Anh tuân theo chính sách của Techcombank.","Thời gian làm việc: Giờ hành chính (Office Hours).
Thời gian thử việc: 2 tháng (hưởng 100% lương).
Mức lương cơ bản cực kỳ hấp dẫn, lương tháng 13 + Thưởng hiệu suất công việc (Performance Bonus) lên đến 5 tháng lương. Xem xét đánh giá mức lương và hiệu suất công việc hàng năm.
Được tham gia các khóa đào tạo nâng cao của Techcombank.
Lộ trình sự nghiệp rõ ràng với sự hỗ trợ từ quản lý;
Được chăm sóc toàn diện với Bảo hiểm Sức khỏe Cá nhân và Gia đình; Khám sức khỏe định kỳ, Sinh nhật Ngân hàng, Teambuilding, Tiệc cuối năm,...
Thời gian làm việc: Giờ hành chính (Office Hours).
Thời gian thử việc: 2 tháng (hưởng 100% lương).
Mức lương cơ bản cực kỳ hấp dẫn, lương tháng 13 + Thưởng hiệu suất công việc (Performance Bonus) lên đến 5 tháng lương. Xem xét đánh giá mức lương và hiệu suất công việc hàng năm.
Được tham gia các khóa đào tạo nâng cao của Techcombank.
Lộ trình sự nghiệp rõ ràng với sự hỗ trợ từ quản lý;
Được chăm sóc toàn diện với Bảo hiểm Sức khỏe Cá nhân và Gia đình; Khám sức khỏe định kỳ, Sinh nhật Ngân hàng, Teambuilding, Tiệc cuối năm,...",,,,,
Senior Data Scientist - Hà Nội - TA150,Senior Data Scientist - Hà Nội - TA150,https://www.topcv.vn/brand/vpbank/tuyen-dung/senior-data-scientist-ha-noi-ta150-j2031998.html?ta_source=JobSearchList_LinkDetail&u_sr_id=NZQyzuyONaR78nSyCWMj73K1VA2psMI9HrMTkJYd_1772870695,Ngân Hàng TMCP Việt Nam Thịnh Vượng (VPBank),Ngân Hàng TMCP Việt Nam Thịnh Vượng (VPBank) - Chuyên trang tuyển dụng,https://www.topcv.vn/brand/vpbank?id=493,https://www.topcv.vn/brand/vpbank?id=493,Thoả thuận,Thoả thuận,Hà Nội,,Trên 5 năm,Trên 5 năm,Còn 1 ngày để ứng tuyển,Chuyên môn Data Scientist,Trưởng nhóm,Đại Học trở lên,1 người,Toàn thời gian,"89 Láng Hạ, Đống Đa, Phường Đống Đa (quận Đống Đa cũ)",Thứ 2 - Thứ 6 (từ 08:00 đến 17:00) Thứ 7 - Thứ 6 (từ 08:00 đến 12:00); Thứ 2 - Thứ 6 (từ 08:00 đến 17:00); Thứ 7 - Thứ 6 (từ 08:00 đến 12:00),"1. Tham mưu cho Trưởng phòng, hỗ trợ quản lý (lead team nhỏ) và định hướng phòng Khoa học dữ liệu trong việc áp dụng các kỹ thuật phân tích nâng cao, khoa học dữ liệu nhằm tìm ra hành vi khách hàng, giải quyết các vấn đề kinh doanh thực tế.
•             Làm việc trực tiếp với trưởng phòng khoa học dữ liệu, hỗ trợ định hướng các bài toán phân tích nâng cao, dự báo trong các hoạt động của ngân hàng.
•             Chủ động đề xuất triển khai và dẫn dắt các dự án phân tích dữ liệu phục vụ hoạt động kinh doanh dưới sự định hướng của trưởng phòng khoa học dữ liệu.
•             Áp dụng các kỹ thuật phân tích nâng cao, khoa học dữ liệu nhằm đưa ra các hiểu biết sâu sắc về hành vi của khách hàng, qua đó giúp giải quyết các vấn đề kinh doanh thực tế.
•             Tìm kiếm các hiểu biết sâu sắc về hành vi khách hàng bằng các kỹ thuật khai thác dữ liệu khác nhau.
•             Phát triển mô hình học máy, trí tuệ nhân tạo giúp các đơn vị kinh doanh dự báo các vấn đề kinh doanh khác nhau như dự báo khách hàng ngừng sử dụng dịch vụ, bán chéo sản phẩm cho khách hàng hiện tại...
•             Hướng dẫn, đào tạo các thành viên trong phòng.
•             Tự động hóa quy trình phân tích.
2. Lead việc triển khai nghiên cứu, cập nhật và ứng dụng các kỹ thuật phân tích nâng cao mới.
•             Nghiên cứu các phương pháp mới trong lĩnh vực phân tích, khai phá dữ liệu và dự báo & ứng dụng.
•             Chủ động nghiên cứu và tận dụng các nguồn dữ liệu sẵn có.
3. Lead việc triển khai, hỗ trợ các trung tâm/phòng ban khác thuộc EDA trong các bài toán liên quan đến phân tích nâng cao, khoa học dữ liệu.
•             Lead việc triển khai, hỗ trợ các phòng ban khác thuộc EDA trong các phân tích chuyên sâu và dự báo khi cần.
1. Tham mưu cho Trưởng phòng, hỗ trợ quản lý (lead team nhỏ) và định hướng phòng Khoa học dữ liệu trong việc áp dụng các kỹ thuật phân tích nâng cao, khoa học dữ liệu nhằm tìm ra hành vi khách hàng, giải quyết các vấn đề kinh doanh thực tế.
•             Làm việc trực tiếp với trưởng phòng khoa học dữ liệu, hỗ trợ định hướng các bài toán phân tích nâng cao, dự báo trong các hoạt động của ngân hàng.
•             Chủ động đề xuất triển khai và dẫn dắt các dự án phân tích dữ liệu phục vụ hoạt động kinh doanh dưới sự định hướng của trưởng phòng khoa học dữ liệu.
•             Áp dụng các kỹ thuật phân tích nâng cao, khoa học dữ liệu nhằm đưa ra các hiểu biết sâu sắc về hành vi của khách hàng, qua đó giúp giải quyết các vấn đề kinh doanh thực tế.
•             Tìm kiếm các hiểu biết sâu sắc về hành vi khách hàng bằng các kỹ thuật khai thác dữ liệu khác nhau.
•             Phát triển mô hình học máy, trí tuệ nhân tạo giúp các đơn vị kinh doanh dự báo các vấn đề kinh doanh khác nhau như dự báo khách hàng ngừng sử dụng dịch vụ, bán chéo sản phẩm cho khách hàng hiện tại...
•             Hướng dẫn, đào tạo các thành viên trong phòng.
•             Tự động hóa quy trình phân tích.
2. Lead việc triển khai nghiên cứu, cập nhật và ứng dụng các kỹ thuật phân tích nâng cao mới.
•             Nghiên cứu các phương pháp mới trong lĩnh vực phân tích, khai phá dữ liệu và dự báo & ứng dụng.
•             Chủ động nghiên cứu và tận dụng các nguồn dữ liệu sẵn có.
3. Lead việc triển khai, hỗ trợ các trung tâm/phòng ban khác thuộc EDA trong các bài toán liên quan đến phân tích nâng cao, khoa học dữ liệu.
•             Lead việc triển khai, hỗ trợ các phòng ban khác thuộc EDA trong các phân tích chuyên sâu và dự báo khi cần.","1. Trình độ Học vấn
•             Đại học hoặc cao hơn chuyên nghành toán, thống kê, kinh tế, ngân hàng hoặc các chuyên nghành phân tích dữ liệu.
2. Kiến thức/ Chuyên môn Có Liên Quan
•             Ít nhất 4-6 năm kinh nghiệm trong linh vực phân tích nâng cao, khoa học dữ liệu.
•             Có kinh nghiệm quản lý đối tác là một lợi thế.
•             Có nhiều kinh nghiệm trong việc đọc hiểu và biên dịch ý nghĩa của dữ liệu thành các hành động cụ thể, không chỉ là báo cáo.
•             Hiểu biết rõ và có nhiều kinh nghiệm làm việc với các khái niệm, kỹ thuật phân tích thông kê, kiểm định, phân tích dữ liệu phức và đưa ra các khuyến nghị cần thiết.
•             Hiểu biết rõ về các mô hình thống kê, dự báo, các thuật toán học máy, phân lớn và phân loại/ Good knowledge of statistical and predictive modeling concepts, machine learning approaches, clustering and classification techniques
•             Có kiến thức và kinh nghiệm làm việc với Cloud/ Knowledge of and experience using Cloud
•             Có kinh nghiệm vận hành các mô hình dự báo / Experience with MLOps
•             Có kiến thức về ngân hàng bán lẻ/ Knowledge of retail banking
•             Có kiến thức về hệ thống dữ liệu, hệ thống báo cáo phân tích kinh doanh / Knowledge of data system, Business intelligence system
•             Khám phá dữ liệu, dự báo/ Data Mining, predictive modelling
1. Trình độ Học vấn
•             Đại học hoặc cao hơn chuyên nghành toán, thống kê, kinh tế, ngân hàng hoặc các chuyên nghành phân tích dữ liệu.
2. Kiến thức/ Chuyên môn Có Liên Quan
•             Ít nhất 4-6 năm kinh nghiệm trong linh vực phân tích nâng cao, khoa học dữ liệu.
•             Có kinh nghiệm quản lý đối tác là một lợi thế.
•             Có nhiều kinh nghiệm trong việc đọc hiểu và biên dịch ý nghĩa của dữ liệu thành các hành động cụ thể, không chỉ là báo cáo.
•             Hiểu biết rõ và có nhiều kinh nghiệm làm việc với các khái niệm, kỹ thuật phân tích thông kê, kiểm định, phân tích dữ liệu phức và đưa ra các khuyến nghị cần thiết.
•             Hiểu biết rõ về các mô hình thống kê, dự báo, các thuật toán học máy, phân lớn và phân loại/ Good knowledge of statistical and predictive modeling concepts, machine learning approaches, clustering and classification techniques
•             Có kiến thức và kinh nghiệm làm việc với Cloud/ Knowledge of and experience using Cloud
•             Có kinh nghiệm vận hành các mô hình dự báo / Experience with MLOps
•             Có kiến thức về ngân hàng bán lẻ/ Knowledge of retail banking
•             Có kiến thức về hệ thống dữ liệu, hệ thống báo cáo phân tích kinh doanh / Knowledge of data system, Business intelligence system
•             Khám phá dữ liệu, dự báo/ Data Mining, predictive modelling","•            Thu nhập hấp dẫn, lương thưởng cạnh tranh theo năng lực (16-18 tháng lương/năm)
•            Thưởng các Ngày lễ, Tết cạnh tranh
•            Được vay ưu đãi với lãi suất hấp dẫn theo quy định của ngân hàng
•            Chế độ ngày phép 16 ngày phép/năm theo cấp bậc
•            Bảo hiểm sức khỏe VPBank care cho CBNV theo cấp bậc
•            Được tham gia các khóa đào tạo tùy thuộc vào Khung đào tạo cho từng vị trí
•            Thời gian làm việc: từ thứ 2 – thứ 6 & 02 sáng thứ 7/ tháng
•            Môi trường làm việc năng động, thân thiện, có nhiều cơ hội học đào tạo, học hỏi và phát triển; được tham gia nhiều hoạt động văn hóa thú vị (cuộc thi về thể thao, tài năng, hoạt động teambuiding...)
•            Thu nhập hấp dẫn, lương thưởng cạnh tranh theo năng lực (16-18 tháng lương/năm)
•            Thưởng các Ngày lễ, Tết cạnh tranh
•            Được vay ưu đãi với lãi suất hấp dẫn theo quy định của ngân hàng
•            Chế độ ngày phép 16 ngày phép/năm theo cấp bậc
•            Bảo hiểm sức khỏe VPBank care cho CBNV theo cấp bậc
•            Được tham gia các khóa đào tạo tùy thuộc vào Khung đào tạo cho từng vị trí
•            Thời gian làm việc: từ thứ 2 – thứ 6 & 02 sáng thứ 7/ tháng
•            Môi trường làm việc năng động, thân thiện, có nhiều cơ hội học đào tạo, học hỏi và phát triển; được tham gia nhiều hoạt động văn hóa thú vị (cuộc thi về thể thao, tài năng, hoạt động teambuiding...)",,,,,
"Chuyên Viên Power BI,Tableau","Chuyên Viên Power BI,Tableau",https://www.topcv.vn/viec-lam/chuyen-vien-power-bi-tableau/2056062.html?ta_source=JobSearchList_LinkDetail&u_sr_id=NZQyzuyONaR78nSyCWMj73K1VA2psMI9HrMTkJYd_1772870695,Công ty Cổ phần Tập đoàn Tima,Công ty Cổ phần Tập đoàn Tima,https://www.topcv.vn/cong-ty/cong-ty-co-phan-tap-doan-tima/16187.html,https://www.topcv.vn/cong-ty/cong-ty-co-phan-tap-doan-tima/16187.html,15 - 22 triệu,15 - 22 triệu,Hà Nội,Hà Nội,1 năm,1 năm,04/04/2026,Data Scientist,Nhân viên,Đại Học trở lên,1 người,Toàn thời gian,"- Hà Nội: Số 5 Nguyễn Thị Duệ, Yên Hòa, Phường Yên Hòa (quận Cầu Giấy cũ)",Thứ 2 - Thứ 6 (từ 08:30 đến 17:30),"Thu thập, tổng hợp, đối soát và chuẩn hóa dữ liệu phục vụ phân tích quản trị: doanh thu, phí, chi phí, sản phẩm/dịch vụ, đối tác, khách hàng, nhân sự, vận hành nền tảng.
Tham gia xây dựng và vận hành kho dữ liệu, danh mục chỉ tiêu và tiêu chuẩn dữ liệu phục vụ báo cáo.
Thực hiện phân tích hiệu quả kinh doanh – vận hành theo sản phẩm, kênh, đối tác, đơn vị; theo dõi các chỉ số như doanh thu/giao dịch, chi phí/giao dịch, biên lợi nhuận, LTV.
Phân tích chênh lệch kế hoạch – thực hiện, xác định nguyên nhân biến động và đề xuất kiến nghị cải thiện.
Phân tích cơ cấu chi phí, năng suất và hiệu quả sử dụng nguồn lực; hỗ trợ xác định điểm hòa vốn, ngưỡng hiệu quả.
Tham gia xây dựng, cập nhật báo cáo quản trị định kỳ (ngày/tuần/tháng), dashboard phục vụ Ban Lãnh đạo.
Hỗ trợ đánh giá hiệu quả các chương trình/dự án/thử nghiệm (trước–sau, ROI) theo phân công.
Phối hợp với các Phòng/Ban để làm rõ số liệu, bảo đảm tính thống nhất và chính xác.
Tham gia cải tiến công cụ, tự động hóa báo cáo và thực hiện các nhiệm vụ khác theo phân công.","Tốt nghiệp Đại học các ngành Kinh tế, Tài chính, Thống kê, Toán, CNTT hoặc liên quan.
Chuyên viên:
Tối thiểu 1 năm kinh nghiệm phân tích dữ liệu/báo cáo quản trị.
Tư duy logic, cẩn trọng, chủ động; khả năng tổng hợp và trình bày số liệu tốt.
Thành thạo Excel; ưu tiên biết SQL, Power BI/Tableau/BI tools; có hiểu biết về mô hình tài chính, dự báo là lợi thế.","Lương: Từ 15 triệu- 22 triệu
Thưởng KPI hàng tháng,
tháng lương thứ 13
.
Môi trường làm việc
Công nghệ – Tài chính (Fintech)
chuyên nghiệp, năng động.
Được đào tạo văn hóa Vanto – công ty tư vấn thuộc top đào tạo tư vấn của Mỹ.
Được đào tạo kiến thức & kỹ năng xây dựng đội ngũ, làm việc hiệu suất cao theo khoa học quản trị.
Xét nâng lương định kỳ theo chính sách Công ty.
Hưởng đầy đủ BHXH, BHYT, nghỉ phép, nghỉ mát, team building, du lịch hằng năm và các phúc lợi khác.",http://tima.vn,100-499 nhân viên,IT - Phần mềm,"207-01 tầng M, tòa nhà N01A Golden Land, 275 Nguyễn Trãi, Thanh Xuân, Hà Nội","Công ty Cổ phần Tập đoàn Tima được thành lập vào đầu năm 2016. Chúng tôi hoạt động trong lĩnh vực tư vấn tài chính cá nhân (tìm kiếm và giới thiệu khách hàng đến với các đơn vị là Đối tác cho vay / tổ chức tài chính) và kinh doanh phần mềm công nghệ. Là một đơn vị tiên phong với mô hình hoàn toàn mới kết nối giữa người có nhu cầu với đơn vị / tổ chức có năng lực về tài chính, chúng tôi đang trong quá trình bứt phá mạnh mẽ để xây dựng lên một mô hình kết nối tài chính cá nhân cộng đồng. Tại TIMA GROUP, chúng tôi chú trọng đến việc phát triển con người – nhân tố chính tạo nên sự thành công của công ty. Chúng tôi tự hào xây dựng một nền tảng vững chắc cho tất cả mọi người để cùng nhau xây dựng một môi trường làm việc công bằng và đầy hứng khởi. Nếu bạn mong muốn cùng làm việc với những con người đầy nhiệt huyết, dám tạo nên sự khác biệt, hãy gia nhập TIMA và tự tin tỏa sáng. Xem thêm Thu gọn"
Data Scientist,Data Scientist,https://www.topcv.vn/viec-lam/data-scientist/2055335.html?ta_source=JobSearchList_LinkDetail&u_sr_id=NZQyzuyONaR78nSyCWMj73K1VA2psMI9HrMTkJYd_1772870695,Công ty CP Giải pháp Thanh toán Việt Nam (VNPAY),Công ty CP Giải pháp Thanh toán Việt Nam (VNPAY),https://www.topcv.vn/cong-ty/cong-ty-cp-giai-phap-thanh-toan-viet-nam-vnpay/200858.html,https://www.topcv.vn/cong-ty/cong-ty-cp-giai-phap-thanh-toan-viet-nam-vnpay/200858.html,Thoả thuận,Thoả thuận,Hà Nội,Hà Nội,1 năm,1 năm,02/04/2026,Data Scientist,Nhân viên,Đại Học trở lên,1 người,Toàn thời gian,"- Hà Nội: 22 Láng Hạ, Phường Láng (quận Đống Đa cũ)",Thứ 2 - Thứ 6 (từ 08:30 đến 17:30); Nghỉ trưa từ 12h đến 13h,"Số lượng cần tuyển: 01
Vị trí làm việc: Phòng AI & Công nghệ dữ liệu - Khối Công nghệ
Địa điểm làm việc: 22 Láng Hạ - Láng - Hà Nội
Thời gian làm việc: 8h30 – 17h30 các ngày thứ 2 - thứ 6 (nghỉ trưa từ 12h đến 13h00)
MÔ TẢ CÔNG VIỆC
Phát triển và triển khai các mô hình Machine Learning/AI phục vụ cho các bài toán liên quan Marketing, Strategy, Customer Growth và các nhu cầu kinh doanh liên quan.
Thực hiện phân tích dữ liệu chuyên sâu (EDA), trực quan hóa dữ liệu và đưa ra insight hỗ trợ các phòng ban.
Xây dựng, lựa chọn và tối ưu các mô hình dự đoán và mô hình khuyến nghị nhằm cải thiện hiệu quả kinh doanh.
Tham gia vào việc đóng gói và tự động hóa mô hình thành pipeline (batch/streaming)
Hỗ trợ giám sát, theo dõi hiệu suất mô hình, thực hiện tinh chỉnh để đảm bảo tính ổn định và độ chính xác.
Làm việc trực tiếp với stakeholders (Product, Marketing, Business) để hiểu yêu cầu và chuyển hóa thành giải pháp khoa học dữ liệu phù hợp.
Chủ động học hỏi và áp dụng các công nghệ, kỹ thuật mới trong AI/ML
Thực hiện các nhiệm vụ khác theo phân công của lãnh đạo phòng/ban.","Tốt nghiệp Đại học các chuyên ngành Công nghệ thông tin, Khoa học máy tính, Khoa học dữ liệu hoặc các ngành liên quan.
Có trên 1 năm kinh nghiệm ở vị trí tương đương
Thành thạo Python, PySpark và SQL
Có kiến thức và kinh nghiệm về các thuật toán Machine Learning (ưu tiên Gradient Boosting, LightGBM, XGBoost); có hiểu biết về Deep Learning là lợi thế.
Đã từng tham gia triển khai mô hình vào môi trường production (batch hoặc real-time)
Có kinh nghiệm làm việc với các công cụ và nền tảng: Airflow, Docker, FastAPI/Flask, Kafka.
Có khả năng phân tích và chuyển đổi dữ liệu phức tạp thành insight
Tinh thần cầu tiến, ham học hỏi, có trách nhiệm
Hiểu biết và có kinh nghiệm về MLflow, CI/CD pipelines và Kubernetes là lợi thế.
Am hiểu quy trình MLOps và triển khai end-to-end AI pipeline là lợi thế.","1.Chế độ lương & thưởng hấp dẫn:
Mức lương thỏa thuận theo năng lực, đánh giá năng lực hàng năm
Chế độ thưởng phong phú và hấp dẫn (Theo quy định và chính sách công ty)
Hỗ trợ ăn sáng miễn phí
Hỗ trợ ăn trưa: 50.000đ/ngày
Hỗ trợ gửi xe, xăng xe, điện thoại (tùy vị trí)
Hỗ trợ trang điểm cho CBNV nữ
Quà tặng các ngày lễ trong năm
2. Bảo hiểm & chăm sóc sức khỏe toàn diện:
BHXH, BHYT, BHTN theo pháp luật hiện hành
Gói bảo hiểm sức khỏe cao cấp 24/7 mua cho nhân viên & người thân nhân viên
Khám sức khỏe định kỳ hàng năm
3. Môi trường làm việc hiện đại:
Cung cấp máy tính & trang thiết bị làm việc hiện đại
Văn phòng làm việc hiện đại, trang thiết bị làm việc Hi- tech
Không gian ăn nhẹ miễn phí (nước uống, trà cafe, hoa quả, sữa chua)
4. Phát triển nghề nghiệp:
Cơ hội tiếp cận với những công nghệ mới, những dự án quy mô lớn
Làm việc cùng đội ngũ hơn 2000 nhân sự tài năng, có chuyên môn giỏi, dày dặn kinh nghiệm, tư duy chia sẻ
Được tài trợ kinh phí tham gia các chương trình đào tạo nâng cao năng lực
Công ty thành lập gần 20 năm với các sản phẩm & dịch vụ đã được khẳng định vị thế trên thị trường
5. Hoạt động ngoại khóa phong phú:
Văn hóa công ty đặc sắc với nhiều hoạt động đoàn thể được quan tâm đầu tư: Team building, Nghỉ mát (trong nước và nước ngoài), 20/10, Year End Party, hoạt động thiện nguyện,…
Các câu lạc bộ: CLB Cầu lông, CLB Bóng đá, CLB Yoga, CLB Điền kinh, CLB Bơi
Chúng tôi sẽ liên hệ qua điện thoại với những CV phù hợp trong vòng 7 ngày làm việc kể từ ngày ứng tuyển.",https://vnpay.vn/,1000+ nhân viên,IT - Phần mềm,"22 Láng Hạ, Đống Đa, Hà Nội","Công ty Cổ phần Giải pháp Thanh toán Việt Nam (VNPAY) thành lập tháng 03/2007 là công ty hàng đầu trong lĩnh vực Thanh toán điện tử tại Việt Nam. VNPAY hiện đang tập trung vào 2 lĩnh vực kinh doanh cốt lõi là Tài chính - Ngân hàng, Công nghệ Thông tin - Viễn thông với các sản phẩm nổi bật như ứng dụng Ngân hàng trên di động (Mobile Banking), SMS Banking, Nạp tiền điện thoại VnTopup, Thanh toán hóa đơn VnPayBill, Ví điện tử VNPAY, giải pháp thanh toán qua mã VNPAY-QR, VNPAY-POS giải pháp thanh toán và quản lý bán hàng... Cùng năng lực vượt trội và lợi thế cạnh tranh bền vững, VNPAY cung cấp dịch vụ tới hơn 40 ngân hàng, các tổ chức thanh toán tại Việt Nam & Quốc tế, 5 công ty viễn thông cùng hàng nghìn doanh nghiệp, đưa ra nhiều giải pháp thanh toán hiện đại, đa dạng và tiện lợi. Với đội ngũ 2.000 nhân sự, VNPAY thấu hiểu rằng giá trị và sự thành công của Công ty được tạo dựng bởi lòng nhiệt huyết, tính tuân thủ trong công việc của mỗi thành viên. Chính vì thế, VNPAY xây dựng một môi trường làm việc hạnh phúc, chuyên nghiệp, thân thiện và nêu cao tinh thần phản biện để mỗi cá nhân có thể tự do phát huy tính sáng tạo, khai phá và giải phóng tiềm năng, từ đó tạo ra sự khác biệt, góp phần vào sự phát triển mạnh mẽ của VNPAY theo đúng sứ mệnh ""Cho cuộc sống đơn giản hơn"". Trên tinh thần thấu hiểu, quan tâm và sẻ chia, VNPAY sẽ trở thành ngôi nhà chung mà ở đó những ước mơ được chắp cánh, những hoài bão, khát vọng được đánh thức, vun đắp và hiện thực. Xem thêm Thu gọn"
Data Scientist,Data Scientist,https://www.topcv.vn/viec-lam/data-scientist/1989650.html?ta_source=JobSearchList_LinkDetail&u_sr_id=NZQyzuyONaR78nSyCWMj73K1VA2psMI9HrMTkJYd_1772870695,Công ty CP Giải pháp Thanh toán Việt Nam (VNPAY),Công ty CP Giải pháp Thanh toán Việt Nam (VNPAY),https://www.topcv.vn/cong-ty/cong-ty-cp-giai-phap-thanh-toan-viet-nam-vnpay/200858.html,https://www.topcv.vn/cong-ty/cong-ty-cp-giai-phap-thanh-toan-viet-nam-vnpay/200858.html,Thoả thuận,Thoả thuận,Hồ Chí Minh (mới),Hồ Chí Minh,1 năm,1 năm,30/04/2026,Data Scientist,Nhân viên,Đại Học trở lên,1 người,Toàn thời gian,"- Hồ Chí Minh: Tầng 12, tòa nhà Minh Long, số 17 Bà Huyện Thanh Quan, Phường Xuân Hòa (Quận 3 cũ)",Thứ 2 - Thứ 6 (từ 08:30 đến 17:30); Nghỉ trưa từ 12h đến 13h,"- Phát triển và triển khai các mô hình Machine Learning/AI phục vụ cho các bài toán liên quan Marketing, Strategy, Customer Growth và các nhu cầu kinh doanh liên quan.
- Thực hiện phân tích dữ liệu chuyên sâu (EDA), trực quan hóa dữ liệu và đưa ra insight hỗ trợ các phòng ban.
- Xây dựng, lựa chọn và tối ưu các mô hình dự đoán và mô hình khuyến nghị nhằm cải thiện hiệu quả kinh doanh.
- Tham gia vào việc đóng gói và tự động hóa mô hình thành pipeline (batch/streaming)
- Hỗ trợ giám sát, theo dõi hiệu suất mô hình, thực hiện tinh chỉnh để đảm bảo tính ổn định và độ chính xác.
- Làm việc trực tiếp với stakeholders (Product, Marketing, Business) để hiểu yêu cầu và chuyển hóa thành giải pháp khoa học dữ liệu phù hợp.
- Chủ động học hỏi và áp dụng các công nghệ, kỹ thuật mới trong AI/ML.
- Thực hiện các nhiệm vụ khác theo phân công của lãnh đạo phòng/ban.","- Tốt nghiệp Đại học chuyên ngành CNTT, Công nghệ phần mềm và các chuyên ngành khác liên quan.
- Thành thạo ngôn ngữ lập trình Python, PySpark và SQL
- Có kiến thức và kinh nghiệm về các thuật toán Machine Learning (ưu tiên Gradient Boosting, LightGBM, XGBoost); có hiểu biết về Deep Learning là lợi thế.
- Đã từng tham gia triển khai mô hình vào môi trường production (batch hoặc real-time)
- Có kinh nghiệm làm việc với các công cụ và nền tảng: Airflow, Docker, FastAPI/Flask, Kafka.
- Có khả năng phân tích và chuyển đổi dữ liệu phức tạp thành insight.
- Am hiểu quy trình MLOps và triển khai end-to-end AI pipeline, hiểu biết và có kinh nghiệm về MLflow, CI/CD pipelines và Kubernetes là lợi thế.
- Tinh thần cầu tiến, ham học hỏi, có trách nhiệm.","1. Chế độ lương & thưởng hấp dẫn:
- Mức lương thỏa thuận theo năng lực, đánh giá năng lực hàng năm
- Chế độ thưởng phong phú và hấp dẫn (Theo quy định và chính sách công ty)
- Hỗ trợ ăn sáng miễn phí
- Hỗ trợ ăn trưa: 50.000đ/ngày
- Hỗ trợ gửi xe, xăng xe, điện thoại (tùy vị trí)
- Hỗ trợ trang điểm cho CBNV nữ
- Quà tặng các ngày lễ trong năm
2. Bảo hiểm & chăm sóc sức khỏe toàn diện:
- BHXH, BHYT, BHTN theo pháp luật hiện hành
- Gói bảo hiểm sức khỏe cao cấp 24/7 mua cho nhân viên & người thân nhân viên
- Khám sức khỏe định kỳ hàng năm
3. Môi trường làm việc hiện đại:
- Cung cấp máy tính & trang thiết bị làm việc hiện đại
- Văn phòng làm việc hiện đại, trang thiết bị làm việc Hi- tech
- Không gian ăn nhẹ miễn phí (nước uống, trà cafe, hoa quả, sữa chua)
4. Phát triển nghề nghiệp:
- Cơ hội tiếp cận với những công nghệ mới, những dự án quy mô lớn
- Làm việc cùng đội ngũ hơn 1000 nhân sự tài năng, có chuyên môn giỏi, dày dặn kinh nghiệm, tư duy chia sẻ
- Được tài trợ kinh phí tham gia các chương trình đào tạo nâng cao năng lực
- Công ty thành lập hơn 16 năm với các sản phẩm & dịch vụ đã được khẳng định vị thế trên thị trường
5. Hoạt động ngoại khóa phong phú:
- Văn hóa công ty đặc sắc với nhiều hoạt động đoàn thể được quan tâm đầu tư: Team building, Nghỉ mát (trong nước và nước ngoài), 20/10, Year End Party, hoạt động thiện nguyện,…
- Các câu lạc bộ:
CLB Cầu lông
CLB Bóng đá
CLB Yoga
CLB Điền kinh
CLB Bơi",https://vnpay.vn/,1000+ nhân viên,IT - Phần mềm,"22 Láng Hạ, Đống Đa, Hà Nội","Công ty Cổ phần Giải pháp Thanh toán Việt Nam (VNPAY) thành lập tháng 03/2007 là công ty hàng đầu trong lĩnh vực Thanh toán điện tử tại Việt Nam. VNPAY hiện đang tập trung vào 2 lĩnh vực kinh doanh cốt lõi là Tài chính - Ngân hàng, Công nghệ Thông tin - Viễn thông với các sản phẩm nổi bật như ứng dụng Ngân hàng trên di động (Mobile Banking), SMS Banking, Nạp tiền điện thoại VnTopup, Thanh toán hóa đơn VnPayBill, Ví điện tử VNPAY, giải pháp thanh toán qua mã VNPAY-QR, VNPAY-POS giải pháp thanh toán và quản lý bán hàng... Cùng năng lực vượt trội và lợi thế cạnh tranh bền vững, VNPAY cung cấp dịch vụ tới hơn 40 ngân hàng, các tổ chức thanh toán tại Việt Nam & Quốc tế, 5 công ty viễn thông cùng hàng nghìn doanh nghiệp, đưa ra nhiều giải pháp thanh toán hiện đại, đa dạng và tiện lợi. Với đội ngũ 2.000 nhân sự, VNPAY thấu hiểu rằng giá trị và sự thành công của Công ty được tạo dựng bởi lòng nhiệt huyết, tính tuân thủ trong công việc của mỗi thành viên. Chính vì thế, VNPAY xây dựng một môi trường làm việc hạnh phúc, chuyên nghiệp, thân thiện và nêu cao tinh thần phản biện để mỗi cá nhân có thể tự do phát huy tính sáng tạo, khai phá và giải phóng tiềm năng, từ đó tạo ra sự khác biệt, góp phần vào sự phát triển mạnh mẽ của VNPAY theo đúng sứ mệnh ""Cho cuộc sống đơn giản hơn"". Trên tinh thần thấu hiểu, quan tâm và sẻ chia, VNPAY sẽ trở thành ngôi nhà chung mà ở đó những ước mơ được chắp cánh, những hoài bão, khát vọng được đánh thức, vun đắp và hiện thực. Xem thêm Thu gọn"
Data Scientist - OB Sớm,Data Scientist - OB Sớm,https://www.topcv.vn/viec-lam/data-scientist-ob-som/2053974.html?ta_source=JobSearchList_LinkDetail&u_sr_id=NZQyzuyONaR78nSyCWMj73K1VA2psMI9HrMTkJYd_1772870695,Công ty TNHH Giải pháp Phân tích dữ liệu Insight Data,Công ty TNHH Giải pháp Phân tích dữ liệu Insight Data,https://www.topcv.vn/cong-ty/cong-ty-tnhh-giai-phap-phan-tich-du-lieu-insight-data/110386.html,https://www.topcv.vn/cong-ty/cong-ty-tnhh-giai-phap-phan-tich-du-lieu-insight-data/110386.html,Thoả thuận,Thoả thuận,Hà Nội,Hà Nội,2 năm,2 năm,31/05/2026,Data Scientist; Bán lẻ - Hàng tiêu dùng - FMCG; Thực phẩm / Đồ uống; IT - Phần mềm,Trưởng nhóm,Đại Học trở lên,4 người,Toàn thời gian,"- Hà Nội: Trường Chinh, Phường Thanh Xuân (quận Thanh Xuân cũ)",Thứ 2 - Thứ 6 (từ 08:30 đến 17:30),"Phát triển và triển khai các giải pháp Data Science/ML nhằm tăng doanh thu lặp lại, giảm churn và tối ưu hoạt động marketing & vận hành.
Xây dựng mô hình phân khúc khách hàng, dự đoán churn/uplift và cá nhân hóa ưu đãi cho các kênh dine-in, app, delivery.
Thực hiện dự báo doanh thu, lượng khách, nhu cầu nguyên vật liệu; hỗ trợ tối ưu phân ca nhân sự.
Thiết kế và phân tích A/B testing, mô hình nhân quả để đánh giá hiệu quả chiến dịch và chính sách giá.","Tốt nghiệp Đại học ngành CNTT hoặc tương đương
Tối thiểu 2 năm kinh nghiệm ở vị trí Data Scientist (Dưới 1 năm hoặc 1 năm kinh nghiệm vui lòng không apply vào đây)
Có kinh nghiệm làm việc trong môi trường B2C / Retail / F&B / E-commerce.
Thành thạo Python (pandas, NumPy, scikit-learn; ưu tiên LightGBM/XGBoost) và SQL.
Nắm vững Machine Learning (classification, regression, feature engineering) và Forecasting.
Có kinh nghiệm A/B testing, phân tích dữ liệu và giải quyết bài toán kinh doanh thực tế.
Hiểu và từng tham gia triển khai mô hình ML, MLOps cơ bản (MLflow, Docker, batch/API).","Mức lương thỏa thuận
Lương tháng 13
Hỗ trợ đầy đủ trang thiết bị làm việc PC/ Laptop....
Đóng bảo hiểm theo luật lao động Việt Nam (BHXH, BHYT, BHTN)
12 ngày phép/ năm và Thưởng vào các dịp lễ khác trong năm (1/1, 30/4-1/5; 2/9, 8/3, 20/10...), Sinh nhật; Chi phí công đoàn thăm hỏi vào các dịp hiếu, hỉ, ốm đau;
Làm việc: từ 8h30 - 17h30 (thứ 2 đến thứ 6)
Phụ cấp gửi xe; Phụ cấp cơm trưa, ngoài ra phụ cấp điện thoại và đi lại tùy thuộc vào một số vị trí và cấp bậc;
Khám sức khỏe định kỳ 1 lần/năm
Du lịch nghỉ mát 1 lần/ năm.
Tổ chức teambuilding định kỳ, tổ chức sinh nhật, team lunch, ...
Happy hours hàng tháng, free snacks, hoa quả, đồ uống.
Làm việc với tác đối tác lớn
Review tăng lương định kỳ hàng năm (1 lần / năm)
Làm việc trong lĩnh vực Banking cùng các chuyên gia trong và ngoài nước
Được tham gia các khóa đào tạo về chuyên môn theo nhu cầu",https://inda.vn/,25-99 nhân viên,IT - Phần mềm,"19-21 Vũ Trọng Phụng, Thanh xuân, Hà Nội","Công ty TNHH Giải pháp và phân tích dữ liệu Insight Data (website: inda.vn), là một trong những doanh nghiệp hàng đầu trong lĩnh vực Công nghệ thông tin, đi tiên phong trong việc cung cấp các giải pháp chuyển đổi số cho doanh nghiệp. Insight Data hoạt động trong nhiều lĩnh vực: Cung cấp giải pháp tích hợp cho hệ thống CNTT; Cung cấp dịch vụ triển khai kho dữ liệu; Dịch vụ outsourcing - cho thuê nhân sự ngành Data, cung cấp bản quyền phần mềm chính hãng và Dịch vụ đào tạo toàn diện phù hợp với mọi phòng ban trong doanh nghiệp,... Được đánh giá là một trong những công ty hàng đầu trong lĩnh vực tích hợp giải pháp CNTT quy mô lớn, Insight Data đang trên đà phát triển vươn lên tầm khu vực lẫn toàn thế giới. Mang trong mình nhiều tiềm lực cũng như khả năng bắt kịp xu thế nhanh chóng và mạnh mẽ, Insight Data đã và đang cùng với đối tác triển khai nhiều dự án quan trọng của các ngân hàng lớn như VPBank, Seabank, Techcombank, Sacombank, WorldBank, .... Insight Data là đối tác tin cậy của nhiều tập đoàn hàng đầu thế giới như Masan, Đạm Phú Mỹ, Novaland, Mutosi, PTI,..... Xem thêm Thu gọn"
Data Scientist,Data Scientist,https://www.topcv.vn/viec-lam/data-scientist/2049352.html?ta_source=JobSearchList_LinkDetail&u_sr_id=NZQyzuyONaR78nSyCWMj73K1VA2psMI9HrMTkJYd_1772870695,CÔNG TY CỔ PHẦN CÔNG NGHỆ ALPHAWAY,CÔNG TY CỔ PHẦN CÔNG NGHỆ ALPHAWAY,https://www.topcv.vn/cong-ty/cong-ty-co-phan-cong-nghe-alphaway/201267.html,https://www.topcv.vn/cong-ty/cong-ty-co-phan-cong-nghe-alphaway/201267.html,20 - 60 triệu,20 - 60 triệu,Hồ Chí Minh (mới),Hồ Chí Minh,3 năm,3 năm,29/03/2026,Data Scientist,Trưởng nhóm,Cao Đẳng trở lên,1 người,Toàn thời gian,"- Hồ Chí Minh: 747 Đ. Hồng Bàng, Phường 2, Quận 6, Phường Bình Tây (Quận 6 cũ)",Thứ 2 - Thứ 6 (từ 08:15 đến 17:45),"Analyze large volumes of structured and unstructured banking data to identify trends, patterns, and opportunities.
Develop and deploy machine learning models for use cases such as credit scoring, fraud detection, customer segmentation, and churn prediction.
Collaborate with business units to translate complex data findings into actionable insights and strategies.
Design and maintain dashboards and reporting tools to monitor key performance indicators (KPIs).
Ensure data quality, integrity, and compliance with banking regulations and data governance policies.
Work with IT and data engineering teams to optimize data pipelines and infrastructure.
Stay updated on the latest data science techniques, tools, and regulatory changes in the financial sector.","Bachelor’s or Master’s degree in Data Science, Computer Science, Statistics, Mathematics, or related field.
3+ years of experience in data science or advanced analytics, preferably in banking or financial services.
Proficiency in programming languages such as Python, R, or SQL.
Experience with machine learning frameworks (e.g., scikit-learn, TensorFlow, XGBoost).
Strong knowledge of data visualization tools (e.g., Power BI, Tableau).
Familiarity with banking products, customer behavior, and regulatory requirement","Làm từ T2-T6 (T7 và CN nghỉ)
Lương thỏa thuận, lương tháng 13, thưởng 1 năm tầm 3-4 tháng
Hưởng đầy đủ các chính sách và chế độ như: BHYT, BHXH, BHTN,.. theo đúng quy định của Bộ Luật Lao động và của Công ty;
Tham gia các hoạt động nghỉ mát, team building
Làm việc trong môi trường cởi mở, năng động, khuyến khích sự sáng tạo.",https://alphawaytech.com/introduction/,500-1000 nhân viên,IT - Phần mềm,"Tầng 4, tòa 21T1 Hapulico, số 83 Vũ Trọng Phụng, Thanh Xuân, Hà Nội","ALPHAWAY TECHNOLOGY là nhà cung cấp các giải pháp và dịch vụ công nghệ thông tin toàn diện cho các tổ chức cá nhân trên toàn quốc, có kinh nghiệm chuyên sâu trong lĩnh vực này. Thành lập năm 2018 với sứ mệnh mang lại giải pháp công nghệ giá trị và trải nghiệm vượt trội cho người dùng toàn cầu, Alphaway Technology đã và đang không ngừng phát triển, mở rộng hoạt động kinh doanh, đạt mục tiêu trở thành thương hiệu nằm trong top 100 công ty công nghệ giá trị hàng đầu Việt Nam. Xem thêm Thu gọn"
Data Science Intern,Data Science Intern,https://www.topcv.vn/viec-lam/data-science-intern/2005516.html?ta_source=JobSearchList_LinkDetail&u_sr_id=NZQyzuyONaR78nSyCWMj73K1VA2psMI9HrMTkJYd_1772870695,CÔNG TY CỔ PHẦN ĐẦU TƯ FINPROS,CÔNG TY CỔ PHẦN ĐẦU TƯ FINPROS,https://www.topcv.vn/cong-ty/cong-ty-co-phan-dau-tu-finpros/102749.html,https://www.topcv.vn/cong-ty/cong-ty-co-phan-dau-tu-finpros/102749.html,3.5 - 5 triệu,3.5 - 5 triệu,Hà Nội & Hồ Chí Minh (mới),"Hà Nội , Hồ Chí Minh",Không yêu cầu,Không yêu cầu,25/03/2026,Data Scientist; IT - Phần mềm; Chứng khoán,Thực tập sinh,Đại Học trở lên,3 người,Thực tập,"- Hà Nội: N04B-T1 Lanmak Tower, Ngoại Giao Đoàn, Phường Xuân Đỉnh (quận Bắc Từ Liêm cũ); - Hồ Chí Minh: Tầng 9, Tòa International Plaza, 343 Phạm Ngũ Lão, Phường Bến Thành (Quận 1 cũ)","Làm từ 8h30 - 17h30, từ Thứ 2 - Thứ 6 Có thể linh động theo lịch học, ưu tiên làm được từ 70% công trở lên","Key Responsibilities:
Supporting senior in research, design, and implement predictive models to analyze financial time series data
Try to develop and backtest systematic trading strategies based on technical indicators, ML/DL models, and other data-driven approaches
Optimize model performance through feature engineering, hyperparameter tuning, and robust evaluation techniques
Supporting senior in maintain, update, and deploy ML/DL pipelines to ensure stability and adaptability in live trading environments
Collaborate with data engineers and developers to ensure smooth integration of research models into production systems
Monitor and refine strategies based on real-world performance and changing market conditions
Stay up to date with the latest research and techniques in quantitative finance, ML/DL, and algorithmic trading
Working Hours: 08:30 AM - 17:30 PM, Monday to Friday (with 1,5 hours lunch break)","An ideal candidate should have a strong foundation in Machine Learning, Deep Learning, and Mathematics, including:
Strong foundation in mathematics, covering: Linear Algebra, Calculus, Probability, Statistics, and Optimization
Solid understanding of core ML concepts: Regression, classification, clustering, model evaluation & optimization, data preprocessing
Familiarity with ensemble methods (bagging, boosting) and regularization techniques (L1/L2)
Basic knowledge of neural networks and practical experience with PyTorch
Familiarity with deep learning architectures: RNNs, LSTMs, CNNs
Experience working with time series data, including preprocessing, feature extraction, and modeling
Proficient in Python, with hands-on experience using ML/DL libraries such as scikit-learn, TensorFlow, and PyTorch
Strong analytical thinking and problem-solving skills
Nice to Have:
Knowledge of portfolio optimization, risk management, or market microstructure
Familiarity with cloud-based deployment or real-time data processing
Participation in quantitative competitions (e.g., Kaggle, Numerai)","Opportunity to access and work directly with financial data, and to build market analysis models.
A young, dynamic working environment with chances to develop skills and learn from industry experts.
Initial financial support starts at 3 million VND, with potential increases throughout the internship depending on performance and demonstrated capability.
Lunch allowance is provided, and working hours are flexible to fit your schedule.
Opportunities to join annual trips and team-building activities.",https://finpros.vn,25-99 nhân viên,Khác,"Tầng 2- tòa N04B T1 Lanmak Khu Ngoại Giao Đoàn, Phường Xuân Đỉnh, Hà Nội","Với phương pháp tiếp cận đầu tư theo hướng duy trì lợi nhuận ổn định, bền vững ở mức độ vừa phải để tận dụng sức mạnh của lãi suất kép, Finpros ra đời dựa trên việc nắm giữ công nghệ Quant trading và các chuyên gia hàng đầu nhằm hợp tác và hỗ trợ những nhà đầu tư không chuyên. Thực tiễn từ cuối 2018 tới nay, Finpros đã duy trì được mức tăng trưởng trung bình ổn định trên 20%/năm và đang tiếp tục đầu tư mạnh mẽ cho công nghệ để tiếp tục bứt phá trong tương lai. Đạo đức và minh bạch - Công nghệ vượt trội - Lợi nhuận bền vững Đối tác Quản lý tài sản tin cậy, được thành lập và quản lý bởi đội ngũ Chuyên gia hàng đầu trong lĩnh vực Tài chính. Hướng đi khác biệt, là quỹ Quant Trading đầu tiên tại Việt Nam áp dụng Robot giao dịch tự động. Tài sản được quản trị theo mô hình tiêu chuẩn, tối đa lợi nhuận và giảm thiếu tối đa rủi ro. Quản trị rủi ro: An toàn vốn và quản trị rủi ro là những tiêu chí được đặt ra hàng đầu. Sứ mệnh: Đem đến sự thịnh vượng cho mọi nhà đầu tư. Tầm nhìn: Trở thành đối tác đầu tư an toàn, hiệu quả số 1 trên lãnh thổ Việt Nam. Giá trị cốt lõi: Con người là tài sản lớn nhất, Tiên phong, Khác biệt, Khát vọng và Chia Sẻ Chúng tôi luôn cố gắng tạo nên một môi trường làm việc chuyên nghiệp, hiện đại, năng động và tự do để mỗi nhân viên là một nhân tài, luôn có năng lượng tích cực để sáng tạo, tập trung và cùng nhau phát triển, không chỉ trên lãnh thổ Việt Nam và còn vươn ra thị trường thế giới trong tương lai. Xem thêm Thu gọn"
"Chuyên Viên, Chuyên Viên Cao Cấp Khoa Học Dữ Liệu - Data Scientist - Data Scientist - Khối Dữ Liệu (HO26.30)","Chuyên Viên, Chuyên Viên Cao Cấp Khoa Học Dữ Liệu - Data Scientist - Data Scientist - Khối Dữ Liệu (HO26.30)",https://www.topcv.vn/viec-lam/chuyen-vien-chuyen-vien-cao-cap-khoa-hoc-du-lieu-data-scientist-data-scientist-khoi-du-lieu-ho26-30/2031638.html?ta_source=JobSearchList_LinkDetail&u_sr_id=NZQyzuyONaR78nSyCWMj73K1VA2psMI9HrMTkJYd_1772870695,NGÂN HÀNG TMCP QUÂN ĐỘI – MBBANK,NGÂN HÀNG TMCP QUÂN ĐỘI – MBBANK,https://www.topcv.vn/cong-ty/ngan-hang-tmcp-quan-doi-mbbank/198860.html,https://www.topcv.vn/cong-ty/ngan-hang-tmcp-quan-doi-mbbank/198860.html,Thoả thuận,Thoả thuận,Hà Nội,Hà Nội,2 năm,2 năm,08/03/2026,Data Scientist; IT - Phần mềm; Ngân hàng; Tài chính,Nhân viên,Đại Học trở lên,1 người,Toàn thời gian,"- Hà Nội: MB Tower, 18 Lê Văn Lương, Phường Yên Hòa (quận Cầu Giấy cũ)",Thứ 2 - Thứ 6 (từ 08:00 đến 17:30),"Thực hiện các nhiệm vụ định kì của phòng theo lĩnh vực được phân công bao gồm: khai phá dữ liệu, phân tích chuyên sâu, xây dựng và làm giàu kho dữ liệu đặc trưng, phát triển mô hình phục vụ kinh doanh (tiềm năng bán, upsale, cross sale, chống churn ...)
Thực hiện xây dựng và phát triển các mô hình phục vụ đáp ứng nhu cầu và hỗ trợ ra quyết định kinh doanh trên lĩnh vực được phân công
Thực hiện công tác điều chỉnh, vận hành, tối ưu hóa các mô hình hiện hữu phục vụ đáp ứng nhu cầu và đạt hiệu quả kinh doanh cao.
Tham gia và báo cáo lãnh đạo dự án, lãnh đạo khối các dự án về công tác xây dựng mô hình phân tích dữ liệu được phân công","Cử nhân chuyên ngành kinh tế, tài chính, ngân hàng, khoa học dữ liệu, khoa học máy tính, thống kê, Toán tin... hoặc các chuyên ngành liên quan
Ưu tiên có chứng chỉ hoặc có kinh nghiệm sử dụng thành thạo ngôn ngữ, công cụ xử lý dữ liệu lớn, và các chứng chỉ kĩ năng về khoa học dữ liệu: Data science, Data engieering, Data analysis, Python, Spark, SQL, Tableau, Power BI, Oracle, Data visualization
Tối thiểu có kinh nghiệm 02 năm phân tích dữ liệu, khoa học máy tính hoặc các vị trí tương đương làm việc với dữ liệu lớn, có kinh nghiệm xây dựng  các mô hình dự đoán, học máy
Có năng lực lập trình sử dụng những ngôn ngữ phổ biến trong xử lý dữ liệu như Python, R, Matlab, Sql,...
Có kinh nghiệm tương tác, sử dụng, phát triển, xử lý dữ liệu trên các hệ thống dữ liệu lớn hoặc các công cụ xử lý dữ liệu lớn Spark, Hadoop, S3 storage...
Có hiểu biết về các thuật toán nói chung, đặc biệt các thuật toán học máy.
Hiểu và sử dụng kiến thức thống kê, toán học ứng dụng trong quản lý chất lượng và phát triển mô hình.
Ưu tiên có hiểu biết hoặc đã sử dụng các thuật toán khai phá dữ liệu trong thực tế.
Có kinh nghiệm sử dụng các công cụ trực quan hóa dữ liệu, matplotlib, tableau,...
Có tư duy logic tốt, có khả năng thiết kế, giải quyết các bài toán, vấn đề liên quan đến dữ liệu và sử dụng dữ liệu.
Ưu tiên có kinh nghiệm trong lĩnh vực tài chính - ngân hàng
MB Bank yêu cầu ứng viên ứng tuyển cần cung cấp chi tiết các thông tin sau:
- Thông tin cá nhân: Họ và tên, Ngày tháng năm sinh, Giới tính
- Số điện thoại và Email liên hệ
- Trình độ học vấn, Trường đã tốt nghiệp
- Kinh nghiệm làm việc
- Từ 3 - 5 kỹ năng nổi bật
- Nguồn Tuyển dụng
Vì sao Bạn nên đảm bảo đầy đủ thông tin khi ứng tuyển
?
- Hồ sơ của Bạn sẽ được đánh giá nhanh chóng.
- Đối với các hồ sơ đáp ứng đầy đủ thông tin và tiêu chí tuyển dụng phù hợp, MB Bank sẽ chủ động liên hệ phỏng vấn trong thời gian sớm nhất.
- Ứng viên vui lòng kiểm tra email và điện thoại thường xuyên để không bỏ lỡ lịch hẹn phỏng vấn.
Cập nhật ngay thông tin mới nhất về các Chương trình do MB tổ chức tại FanPag
e:
- Ai yêu Miền Bắc hơn MBers
- Ai yêu Miền Trung hơn MBers
- Ai yêu Miền Nam hơn MBers","1. Chế độ Thưởng  hấp dẫn:
- Thưởng dịp lễ tết
- Thưởng thành tích gắn với hiệu suất công việc/kết quả kinh doanh
2. Chế độ phúc lợi vượt trội:
- Đãi ngộ gắn kết (Tặng quà sinh nhật, quà tết nguyên đán, đãi ngộ thâm niên.....)
- Bảo hiểm chăm sóc sức khỏe cho CBNV/người thân với các đặc quyền độc đáo
- Du lịch/nghỉ dưỡng hằng năm trong nước & nước ngoài
- Hỗ trợ các khoảnh khắc quan trọng (nghỉ sinh nhật, tặng quà khi kết hôn...)
- Được tư vấn, hỗ trợ tài chính & trải nghiệm các sản phẩm tài chính cá nhân, bảo hiểm... theo các tệp sản phẩm của tập đoàn
3. Phát triển nghề nghiệp
- Lộ trình thăng tiến rõ ràng, cơ hội phát triển với các nhóm nghề nghiệp tại Ngân hàng.
- Được dẫn dắt bởi Lãnh đạo danh tiếng, được đồng hành và """"Learning on Jobs"""" cùng các Quản lý và đồng nghiệp ưu tú.
- Tiếp cận các chương trình đào tạo theo chuẩn quốc tế, được trải nghiệm, tích lũy kinh nghiệm  trong môi trường Doanh nghiệp số
hiện đại.
- Môi trường làm việc  trẻ trung, chuyên nghiệp, ứng dụng toàn diện các phương pháp làm việc mới và các nền tảng công nghệ tiên tiến nhất trên thế giới.",https://careers.mbbank.com.vn/home-page,5000+ nhân viên,Ngân hàng,"Số 18 Lê Văn Lương, Phường Trung Hoà, Quận Cầu Giấy, Thành phố Hà Nội, Việt Nam","Thành lập từ năm 1994, mô hình tập đoàn tài chính đa năng đã giúp MB vững vàng trong Top 5 hệ thống Ngân Hàng về Quy mô tài sản, hiệu quả hoạt động và lợi nhuận Để đi đầu trong thế giới luôn chuyển động và thay đổi từng ngày, MB với định vị thương hiệu mới và những bước đi táo bạo chuyển đổi thành một Ngân hàng số toàn diện, hiện đại, lấy khách hàng là trung tâm của sự thay đổi. Mỗi MBer là một thành tố trong sự chuyển đổi lớn lao đó nên công tác phát triển nguồn lực luôn được đặt lên hàng đầu. MB xây dựng môi trường học tập chuẩn quốc tế theo phương pháp Tell - Show - Do; môi trường làm việc năng động, chuyên nghiệp và cơ hội thăng tiến rộng mờ cùng đội ngũ Cán Bộ Quản Lý có độ tuổi trung bình trẻ nhất trong hệ thống Ngân hàng. Xem thêm Thu gọn"
Thực Tập Sinh Trí Tuệ Nhân Tạo AI,Thực Tập Sinh Trí Tuệ Nhân Tạo AI,https://www.topcv.vn/viec-lam/thuc-tap-sinh-tri-tue-nhan-tao-ai/2036859.html?ta_source=JobSearchList_LinkDetail&u_sr_id=NZQyzuyONaR78nSyCWMj73K1VA2psMI9HrMTkJYd_1772870695,CÔNG TY CỔ PHẦN TẬP ĐOÀN THIÊN LONG,CÔNG TY CỔ PHẦN TẬP ĐOÀN THIÊN LONG,https://www.topcv.vn/cong-ty/cong-ty-co-phan-tap-doan-thien-long/200970.html,https://www.topcv.vn/cong-ty/cong-ty-co-phan-tap-doan-thien-long/200970.html,5 - 5.3 triệu,5 - 5.3 triệu,Hồ Chí Minh (mới),Hồ Chí Minh,Không yêu cầu,Không yêu cầu,16/03/2026,Data Scientist; IT - Phần cứng và máy tính; IT - Phần mềm,Thực tập sinh,Đại Học trở lên,1 người,Thực tập,"- Hồ Chí Minh: Lô 6-8-10-12 Đường số 3, Khu công nghiệp Tân Tạo, Phường Tân Tạo (quận Bình Tân cũ)",Thứ 2 - Thứ 6 (từ 08:00 đến 17:15),"- Nghiên cứu kiến thức cơ bản về AI/ML/DL (theo định hướng công ty)
- Tìm hiểu các use case AI trong sản xuất, kinh doanh.
- Hỗ trợ huấn luyện, tinh chỉnh mô hình ML/DL.
- Thử nghiệm các thuật toán AI dưới sự hướng dẫn.
- Hỗ trợ thu thập, làm sạch và tiền xử lý dữ liệu.
- Tham gia gán nhãn dữ liệu, kiểm tra chất lượng nhãn.
- Làm quen và thực hành truy vấn dữ liệu bằng ngôn ngữ python.
- Hỗ trợ tích hợp mô hình AI vào hệ thống demo/test.
- Theo dõi kết quả, ghi nhận lỗi và đề xuất cải tiến.
- Tuân thủ quy định bảo mật dữ liệu, không sử dụng dữ liệu trái phép.
- Thực hiện đúng quy trình làm việc, lưu trữ dữ liệu.","- Sinh viên năm cuối hoặc mới tốt nghiệp các trường Đại học chuyên ngành Công nghệ Thông tin, Khoa học Máy tính, Khoa học Dữ liệu.
- Hiểu biết và có khả năng sử dụng python và các thuật toán về ML.
- Biết cách sử dụng các model trên hugging face, google colab, kaggle (ưu tiên có kinh nghiệm triển khai AI vào thực tế hoặc từng tham gia dự án AI).
- Kỹ năng tư duy logic, ham học hỏi; Chủ động, có trách nhiệm;
- Định hướng phát triển lâu dài trong lĩnh vực AI","- Hỗ trợ chi phí thực tập và các phúc lợi theo chính sách công ty.
- Được đào tạo và trải nghiệm công việc thực tế.
- Có Buddy/Mentor đồng hành xuyên suốt.
- Cơ hội trở thành nhân viên chính thức sau kỳ thực tập.",https://jobs.thienlonggroup.com,3000+ nhân viên,Bán lẻ - Hàng tiêu dùng - FMCG,"Tầng 10, Sofic Tower, Số 10 Đường Mai Chí Thọ, P. Thủ Thiêm, TP. Thủ Đức, TP. Hồ Chí Minh","Thiên Long được thành lập vào năm 1981. Qua hơn 40 năm phát triển, Thiên Long nay đã trở thành một Tập đoàn gồm 4 Công ty: - CÔNG TY CỔ PHẦN TẬP ĐOÀN THIÊN LONG; - CÔNG TY TNHH SX TM NAM THIÊN LONG; - CÔNG TY TNHH SX-TM THIÊN LONG LONG THÀNH; - CÔNG TY TNHH MTV TM-DV THIÊN LONG HOÀN CẦU; Thiên Long không chỉ chuyên về bút viết mà đã định hướng trở thành Tập đoàn văn phòng phẩm số 1 tại Đông Nam Á và hàng đầu tại Châu Á về sản xuất và kinh doanh hàng VPP. Với: - Tầm nhìn: Đưa sản phẩm Thiên Long đến mọi miền đất nước và trên toàn thế giới. - Sứ mệnh: Thiên Long cam kết mang đến những sản phẩm, văn phòng phẩm, dịch vụ chất lượng tốt nhất phục vụ cho việc học tập, làm việc, sáng tạo góp phần chinh phục đỉnh cao tri thức của nhân loại. Xem thêm Thu gọn"
Data Scientist,Data Scientist,https://www.topcv.vn/viec-lam/data-scientist/2004112.html?ta_source=JobSearchList_LinkDetail&u_sr_id=NZQyzuyONaR78nSyCWMj73K1VA2psMI9HrMTkJYd_1772870695,CÔNG TY TNHH NOVABYTE SOFTWARE,CÔNG TY TNHH NOVABYTE SOFTWARE,https://www.topcv.vn/cong-ty/cong-ty-tnhh-novabyte-software/246103.html,https://www.topcv.vn/cong-ty/cong-ty-tnhh-novabyte-software/246103.html,20 - 25 triệu,20 - 25 triệu,Hà Nội,Hà Nội,2 năm,2 năm,15/03/2026,Data Scientist,Trưởng nhóm,Đại Học trở lên,1 người,Toàn thời gian,- Hà Nội: (Tất cả phường),Thứ 2 - Thứ 6 (từ 08:30 đến 18:00),"- Phân tích và xử lý dữ liệu Telco để phát hiện bất thường và rủi ro trong hệ thống.
- Thực hiện đối soát dữ liệu giữa các hệ thống nhà mạng.
- Xây dựng logic, rule hoặc mô hình phân tích nhằm phát hiện sai lệch, gian lận hoặc bất thường.
- Phối hợp với các bên liên quan để làm rõ dữ liệu và cải thiện chất lượng hệ thống.","- Tư duy logic tốt, khả năng phân tích dữ liệu mạnh.
- Có kinh nghiệm làm việc với dữ liệu Telco.
- Có kinh nghiệm đối soát dữ liệu các hệ thống nhà mạng.
- Có kinh nghiệm phát hiện bất thường (anomaly detection) dựa trên dữ liệu Telco.","- Mức lương cạnh tranh uptp 25M
- Ký hđ CTV 3 tháng
- Tham gia dự án thực tế, môi trường làm việc chuyên nghiệp.
- Cơ hội nâng cao kỹ năng và tiếp cận công nghệ mới.
- Làm việc cùng đội ngũ kỹ thuật và sản phẩm giàu kinh nghiệm.",,25-99 nhân viên,IT - Phần mềm,"Số 3, ngách 293/17 đường Quang Minh, thôn Chi Đông 8, Xã Quang Minh, TP Hà Nội, Việt Nam","CÔNG TY TNHH NOVABYTE SOFTWARE Tên quốc tế: NOVABYTE SOFTWARE COMPANY LIMITED Tên viết tắt: NOVABYTE SOFTWARE Địa chỉ: Số 3, ngách 293/17 đường Quang Minh, thôn Chi Đông 8, Xã Quang Minh, Thành phố Hà Nội, Việt Nam Công ty hoạt động chính trong lĩnh vực công nghệ thông tin, cụ thể: Ngành chính: Lập trình máy vi tính (Mã ngành 6201) Các hoạt động khác: Sản xuất phần mềm Bán buôn máy vi tính, thiết bị ngoại vi và phần mềm Bán lẻ thiết bị viễn thông, linh kiện điện tử trong các cửa hàng chuyên doanh Hoạt động tư vấn máy vi tính và quản trị hệ thống máy tính Xem thêm Thu gọn"
"Expert, Data Scientist","Expert, Data Scientist",https://www.topcv.vn/brand/techcombank/tuyen-dung/expert-data-scientist-j1998534.html?ta_source=JobSearchList_LinkDetail&u_sr_id=NZQyzuyONaR78nSyCWMj73K1VA2psMI9HrMTkJYd_1772870695,NGÂN HÀNG THƯƠNG MẠI CỔ PHẦN KỸ THƯƠNG VIỆT NAM,NGÂN HÀNG THƯƠNG MẠI CỔ PHẦN KỸ THƯƠNG VIỆT NAM - Chuyên trang tuyển dụng,https://www.topcv.vn/brand/techcombank?id=16716,https://www.topcv.vn/brand/techcombank?id=16716,Thoả thuận,Thoả thuận,Hồ Chí Minh (mới) & Hà Nội,,Trên 5 năm,Trên 5 năm,Còn 24 ngày để ứng tuyển,Chuyên môn Data Scientist; IT - Phần mềm,Trưởng nhóm,Đại Học trở lên,1 người,Toàn thời gian,"Hội Sở 23 Lê Duẩn, Phường Sài Gòn (Quận 1 cũ); Hội Sở Quang Trung 06 Phố Quang Trung, Phường Cửa Nam (quận Hoàn Kiếm cũ)",Thứ 2 - Thứ 6 (từ 08:00 đến 17:00); Thứ 2 - Thứ 6 (từ 08:00 đến 17:00),"Job Purpose:
The job holder advises and provides business with insights from massive amounts of structured and unstructured potential data to help shape or meet specific business objectives.
The job holder will build data science solutions using advance machine learning and deep learning methods, recommendation engines, statistical analysis, data mining and data visualization techniques, to create solutions that enable enhanced business performance.
Key Responsibilities:
Data Solutioning:
Build algorithms and work with machine learning and deep learning tools to deliver advance analytics solutions across the firm including recommendation engines, customized data models, customer journeys, graph modes, etc.
Mine and analyze data from company’s databases to drive optimization and improvement of business strategies.
Use predictive modelling to increase and optimize customer journey experiences, revenue generation and other business outcomes.
Analyze data for trends and patterns and interpret the data with clear objective in mind.
Execute and review data science projects in an agile manner and in compliance with internal regulatory requirements.
Data Insighting:
Lead the identification and interpretation of meaningful and actionable insights from large data and metadata sources.
Develop processes and tools to monitor and analyze model performance and data accuracy.
Interact with 1-2 squads to identify questions and issues for data analysis.
Assess the effectiveness and accuracy of new data sources and data gathering techniques.
Job Purpose:
The job holder advises and provides business with insights from massive amounts of structured and unstructured potential data to help shape or meet specific business objectives.
The job holder will build data science solutions using advance machine learning and deep learning methods, recommendation engines, statistical analysis, data mining and data visualization techniques, to create solutions that enable enhanced business performance.
Key Responsibilities:
Data Solutioning:
Build algorithms and work with machine learning and deep learning tools to deliver advance analytics solutions across the firm including recommendation engines, customized data models, customer journeys, graph modes, etc.
Mine and analyze data from company’s databases to drive optimization and improvement of business strategies.
Use predictive modelling to increase and optimize customer journey experiences, revenue generation and other business outcomes.
Analyze data for trends and patterns and interpret the data with clear objective in mind.
Execute and review data science projects in an agile manner and in compliance with internal regulatory requirements.
Data Insighting:
Lead the identification and interpretation of meaningful and actionable insights from large data and metadata sources.
Develop processes and tools to monitor and analyze model performance and data accuracy.
Interact with 1-2 squads to identify questions and issues for data analysis.
Assess the effectiveness and accuracy of new data sources and data gathering techniques.","Bachelor's degree in Statistics, Mathematics, Quantitative Analysis, Computer Science, Software Engineering or Information Technology.
Work Experience: 5-8+ years of relevant experience in areas of Data Scientist, Ai Engineer, Data Analysis, Machine learning, Deep learning model development on large amount of data, implementing and deploying various statistical models.
English proficiency requirements are pursuant to Techcombank's policy
Experience in querying databases and using programming languages (e.g. C, C++, R, Python, Scala, SQL, Java, Tableau, R).
Experience communicating complex analysis and models across a diverse team
Experience using of data optimization (linear / non-linear) to solve constrained business problems.
Understanding of Agile principles, practices and Scrum methodologies.
Experience working in Agile teams to support digital transformation projects.
Bachelor's degree in Statistics, Mathematics, Quantitative Analysis, Computer Science, Software Engineering or Information Technology.
Work Experience: 5-8+ years of relevant experience in areas of Data Scientist, Ai Engineer, Data Analysis, Machine learning, Deep learning model development on large amount of data, implementing and deploying various statistical models.
English proficiency requirements are pursuant to Techcombank's policy
Experience in querying databases and using programming languages (e.g. C, C++, R, Python, Scala, SQL, Java, Tableau, R).
Experience communicating complex analysis and models across a diverse team
Experience using of data optimization (linear / non-linear) to solve constrained business problems.
Understanding of Agile principles, practices and Scrum methodologies.
Experience working in Agile teams to support digital transformation projects.","Other infomation:
- Working time: Office Hours.
- Probation: 2 months (full 100% offer).
Company Benefits:
- Receive an extremely attractive basic salary, 13th month salary + Performance Bonus up to 5 months. Annual salary and work performance review.
- Participate in advanced training courses of Techcombank.
- Be informed of the latest practical situations from the No. 1 Senior Experts/Managers in the Vietnamese market.
- Share a clear career path with close support from management;
- Receive comprehensive care with Personal and Family Health Insurance; Periodic health check-ups, Bank birthdays, Teambuilding, Year-end Party, ..
Other infomation:
- Working time: Office Hours.
- Probation: 2 months (full 100% offer).
Company Benefits:
- Receive an extremely attractive basic salary, 13th month salary + Performance Bonus up to 5 months. Annual salary and work performance review.
- Participate in advanced training courses of Techcombank.
- Be informed of the latest practical situations from the No. 1 Senior Experts/Managers in the Vietnamese market.
- Share a clear career path with close support from management;
- Receive comprehensive care with Personal and Family Health Insurance; Periodic health check-ups, Bank birthdays, Teambuilding, Year-end Party, ..",,,,,
Data Scientist,Data Scientist,https://www.topcv.vn/viec-lam/data-scientist/2033101.html?ta_source=JobSearchList_LinkDetail&u_sr_id=NZQyzuyONaR78nSyCWMj73K1VA2psMI9HrMTkJYd_1772870695,CÔNG TY CỔ PHẦN CÔNG NGHỆ ALPHAWAY,CÔNG TY CỔ PHẦN CÔNG NGHỆ ALPHAWAY,https://www.topcv.vn/cong-ty/cong-ty-co-phan-cong-nghe-alphaway/201267.html,https://www.topcv.vn/cong-ty/cong-ty-co-phan-cong-nghe-alphaway/201267.html,40 - 60 triệu,40 - 60 triệu,Hồ Chí Minh (mới),Hồ Chí Minh,3 năm,3 năm,12/03/2026,Data Scientist; An ninh mạng; IT - Phần cứng và máy tính; IT - Phần mềm,Trưởng nhóm,Cao Đẳng trở lên,5 người,Toàn thời gian,- Hồ Chí Minh: Phường Bàn Cờ (Quận 3 cũ),Thứ 2 - Thứ 6 (từ 09:00 đến 18:30),"Phân tích dữ liệu lớn và phức tạp để xây dựng các mô hình dự đoán, phân loại và tối ưu hóa.
Thiết kế và triển khai các thuật toán Machine Learning và Deep Learning phục vụ các bài toán kinh doanh.
Phối hợp với các đơn vị nghiệp vụ để hiểu rõ bài toán và đề xuất giải pháp dữ liệu phù hợp.
Đánh giá hiệu quả mô hình, cải tiến liên tục và triển khai vào môi trường sản xuất.
Trình bày kết quả phân tích và mô hình dưới dạng trực quan, dễ hiểu cho các bên liên quan.","Trình độ & kinh nghiệm
Tốt nghiệp Đại học trở lên chuyên ngành Khoa học dữ liệu, Toán thống kê, Khoa học máy tính hoặc lĩnh vực liên quan.
Có từ 3 năm kinh nghiệm trong phân tích dữ liệu và xây dựng mô hình AI/ML.
Ưu tiên ứng viên có chứng chỉ như TensorFlow Developer, AWS Machine Learning hoặc tương đương.
Kỹ năng chuyên môn
Thành thạo Python, R và các thư viện ML phổ biến: Scikit-learn, TensorFlow, PyTorch.
Kỹ năng xử lý dữ liệu lớn với Spark, SQL, Pandas.
Hiểu rõ các thuật toán thống kê, mô hình học máy và tối ưu hóa.
Kỹ năng trực quan hóa dữ liệu và trình bày kết quả bằng Power BI, Tableau, Matplotlib hoặc tương đương.","Mức lương theo năng lực
Thưởng lễ tết, thưởng tháng lương thứ 13
Khám sức khỏe, Teambuilding
Hỗ trợ phí gửi xe
OT tính them luật
Có cơ hội trở thành “Gương mặt xuất sắc” của Công ty nếu hoàn thành xuất sắc nhiệm vụ;
Hưởng đầy đủ các chính sách và chế độ như: BHYT, BHXH, BHTN,.. theo đúng quy định của Bộ Luật Lao động và của Công ty;
Tham gia các hoạt động nghỉ mát, team building
Làm việc trong môi trường cởi mở, năng động, khuyến khích sự sáng tạo.",https://alphawaytech.com/introduction/,500-1000 nhân viên,IT - Phần mềm,"Tầng 4, tòa 21T1 Hapulico, số 83 Vũ Trọng Phụng, Thanh Xuân, Hà Nội","ALPHAWAY TECHNOLOGY là nhà cung cấp các giải pháp và dịch vụ công nghệ thông tin toàn diện cho các tổ chức cá nhân trên toàn quốc, có kinh nghiệm chuyên sâu trong lĩnh vực này. Thành lập năm 2018 với sứ mệnh mang lại giải pháp công nghệ giá trị và trải nghiệm vượt trội cho người dùng toàn cầu, Alphaway Technology đã và đang không ngừng phát triển, mở rộng hoạt động kinh doanh, đạt mục tiêu trở thành thương hiệu nằm trong top 100 công ty công nghệ giá trị hàng đầu Việt Nam. Xem thêm Thu gọn"
Data Management,Data Management,https://www.topcv.vn/viec-lam/data-management/2033119.html?ta_source=JobSearchList_LinkDetail&u_sr_id=NZQyzuyONaR78nSyCWMj73K1VA2psMI9HrMTkJYd_1772870695,CÔNG TY CỔ PHẦN CÔNG NGHỆ ALPHAWAY,CÔNG TY CỔ PHẦN CÔNG NGHỆ ALPHAWAY,https://www.topcv.vn/cong-ty/cong-ty-co-phan-cong-nghe-alphaway/201267.html,https://www.topcv.vn/cong-ty/cong-ty-co-phan-cong-nghe-alphaway/201267.html,50 - 70 triệu,50 - 70 triệu,Hồ Chí Minh (mới),Hồ Chí Minh,3 năm,3 năm,11/03/2026,Data Scientist; An ninh mạng; IT - Phần cứng và máy tính; IT - Phần mềm,Trưởng nhóm,Cao Đẳng trở lên,3 người,Toàn thời gian,- Hồ Chí Minh: Phường Bàn Cờ (Quận 3 cũ),Thứ 2 - Thứ 6 (từ 09:00 đến 18:30),"Xây dựng và duy trì các chính sách, quy trình quản trị dữ liệu trên toàn tổ chức.
Quản lý metadata, chất lượng dữ liệu, phân loại dữ liệu và quyền truy cập người dùng.
Đảm bảo dữ liệu tuân thủ các quy định nội bộ và pháp lý (VD: GDPR, Basel).
Phối hợp với các đơn vị chức năng khác để nâng cao nhận thức và tiêu chuẩn về quản trị dữ liệu trong toàn doanh nghiệp.","Trình độ & kinh nghiệm
Tốt nghiệp Đại học trở lên chuyên ngành Quản trị hệ thống thông tin, CNTT hoặc các lĩnh vực liên quan.
Có từ 3 năm kinh nghiệm trong quản trị dữ liệu hoặc quản lý thông tin doanh nghiệp.
Ưu tiên ứng viên có chứng chỉ CDMP (Certified Data Management Professional), DAMA hoặc tương đương.
Kỹ năng chuyên môn
Hiểu rõ các khái niệm quản trị dữ liệu: metadata, data lineage, data quality.
Có kinh nghiệm sử dụng các công cụ quản lý dữ liệu như Collibra, Informatica, Talend.
Nắm vững kiến thức về bảo mật dữ liệu, phân quyền truy cập và tuân thủ quy định.
Kỹ năng giao tiếp, đào tạo và phối hợp tốt với các phòng ban để chuẩn hóa quy trình dữ liệu.","Mức lương theo năng lực
Thưởng lễ tết, thưởng tháng lương thứ 13
Khám sức khỏe, Teambuilding
Hỗ trợ phí gửi xe
OT tính them luật
Cócơ hội trở thành “Gươngmặt xuất sắc” của Công ty nếu hoàn thành xuất sắc nhiệm vụ;
Hưởng đầy đủ các chính sách và chế độ như: BHYT, BHXH, BHTN,.. theo đúng quy định của Bộ Luật Lao động và của Công ty;
Tham gia các hoạt động nghỉ mát, team building
Làm việc trong môi trường cởi mở,năng động, khuyến khích sự sáng tạo.",https://alphawaytech.com/introduction/,500-1000 nhân viên,IT - Phần mềm,"Tầng 4, tòa 21T1 Hapulico, số 83 Vũ Trọng Phụng, Thanh Xuân, Hà Nội","ALPHAWAY TECHNOLOGY là nhà cung cấp các giải pháp và dịch vụ công nghệ thông tin toàn diện cho các tổ chức cá nhân trên toàn quốc, có kinh nghiệm chuyên sâu trong lĩnh vực này. Thành lập năm 2018 với sứ mệnh mang lại giải pháp công nghệ giá trị và trải nghiệm vượt trội cho người dùng toàn cầu, Alphaway Technology đã và đang không ngừng phát triển, mở rộng hoạt động kinh doanh, đạt mục tiêu trở thành thương hiệu nằm trong top 100 công ty công nghệ giá trị hàng đầu Việt Nam. Xem thêm Thu gọn"
